2024-05-27 12:58:28.630430,57.138376042703264,64.74855432328118,52.00176198052243,57.220688637677235,681
2024-05-27 12:58:29.632427,58.439487316519255,66.37974005314426,53.06085887276575,64.39286414317465,363
2024-05-27 12:58:30.633896,31.400175822260156,33.09542771256716,23.144669715605087,28.93737098903226,878
2024-05-27 12:58:31.634838,71.00124960269216,74.23294332280929,68.51688875579718,68.88978474338572,731
2024-05-27 12:58:32.636196,48.92629248238825,57.85829422374839,46.35521292751388,52.94639916679472,55
2024-05-27 12:58:33.637405,51.37509894374437,58.13195526048545,44.665647692582525,48.0731770268779,516
2024-05-27 12:58:34.640650,38.667042002113504,42.03328691358074,35.09904402119353,36.418283431894814,924
2024-05-27 12:58:35.641626,28.81177106946594,32.05906968363872,28.50584771967368,29.077742150190545,886
2024-05-27 12:58:36.642807,56.62771019078227,64.97545966679908,49.31272692588078,57.43264087882403,159
2024-05-27 12:58:37.643839,56.55195092657364,60.48720202312732,56.48491721130799,58.66422480239095,973
2024-05-27 12:58:38.645231,98.7161803872605,100.96936703202961,92.28463189236679,97.18314219392617,187
2024-05-27 12:58:39.646603,25.34095883327947,29.72650292589477,16.990072499217014,29.423500365859738,454
2024-05-27 12:58:40.647930,67.71224717054984,69.27515665149407,64.48430319637625,67.32561765001587,497
2024-05-27 12:58:41.649917,33.87923677336963,42.253591775674636,24.304461817902965,36.23074351136001,537
2024-05-27 12:58:42.651257,86.47056109360959,87.00709662824659,83.72132076248714,84.0106849977513,384
2024-05-27 12:58:43.652791,0.2918139039073675,1.502068244892556,-2.118097405239651,0.0514809817256241,959
2024-05-27 12:58:44.654307,97.49571725679355,103.82203527339742,88.68826710443156,90.33636457281933,360
2024-05-27 12:58:45.655426,26.74858162586319,35.157644717147576,20.33860164626094,30.90032576362562,811
2024-05-27 12:58:46.656671,22.866155523210672,27.747122389895967,18.543547446537325,23.92645603107367,177
2024-05-27 12:58:47.657696,47.909655937293074,52.73777870704504,47.792547047849986,52.07684715704932,482
2024-05-27 12:58:48.659722,44.68862771142486,52.81926823560598,41.912132757206244,46.081033253126925,553
2024-05-27 12:58:49.661327,61.04159833870098,65.21461729928383,53.66040326526091,58.61391063965436,145
2024-05-27 12:58:50.663015,32.22057015561377,32.55831736436545,29.804608663728214,30.24780519670787,601
2024-05-27 12:58:51.664818,5.29924288220236,13.760867963592933,-1.6199593934841925,-1.2164449515030178,314
2024-05-27 12:58:52.667168,9.52694537636315,10.745693782666283,0.5739361513434655,5.3564781116447975,853
2024-05-27 12:58:53.668572,31.79228310941071,34.728599020642086,30.68736287204357,33.59687618287065,509
2024-05-27 12:58:54.670317,19.59639239554367,23.7800648005703,15.63872795352213,20.159248149949025,579
2024-05-27 12:58:55.671780,83.97998911247639,90.82924277410152,83.75509399610904,85.94385978181674,530
2024-05-27 12:58:56.673659,52.757814771874145,59.534278410111824,45.49249259052891,47.78632758696359,265
2024-05-27 12:58:57.675052,60.54216749114121,65.15154585736232,54.05991210465164,61.031004394940545,397
2024-05-27 12:58:58.676807,31.83842393554731,33.017840899848004,25.218846042291972,26.364338180406772,541
2024-05-27 12:58:59.678223,89.57306610797123,98.87372434831468,86.80001431569806,91.04417396304697,881
2024-05-27 12:59:00.679287,29.059913416748373,37.819435229901146,27.72445452088123,32.39408625287878,560
2024-05-27 12:59:01.680312,30.9419780274076,40.80540212680607,25.3994635339103,29.401303110754263,724
2024-05-27 12:59:02.681459,29.20542386504743,31.08537787952083,27.10425891012382,29.150898488068286,712
2024-05-27 12:59:03.682929,23.636528690783365,24.624522522832482,23.62984150543263,23.97337074744965,629
2024-05-27 12:59:04.684133,99.87246481987685,108.92257535165078,90.32760203158571,97.5631667654692,367
2024-05-27 12:59:05.685788,91.22311003628238,99.15475559425361,82.08220695142705,88.14178256007291,654
2024-05-27 12:59:06.687429,3.425637443185625,6.469773982005224,-5.3023264090134,2.1428388869732897,526
2024-05-27 12:59:07.688679,86.2087845200161,86.61061248394188,76.68826101010436,79.99889780852058,589
2024-05-27 12:59:08.690047,46.235839251448155,48.49839343288282,39.620877980021255,48.2652357257379,182
2024-05-27 12:59:09.692873,2.141705526185411,8.915717707636029,-7.1384928917929855,3.9434662332907244,944
2024-05-27 12:59:10.693923,45.28816994326542,45.84078115867169,44.05434751703686,44.18451753778847,107
2024-05-27 12:59:11.695639,23.569928937466255,32.923066925481535,19.01671561964414,27.912407439118695,174
2024-05-27 12:59:12.697562,53.692068962445546,62.4534742029377,43.8523723557251,48.67370774038806,701
2024-05-27 12:59:13.699114,13.925394758072718,19.819820963033187,6.30329289600887,17.709284658369018,371
2024-05-27 12:59:14.700777,49.79102011933829,57.524261100205415,49.47192850764239,53.38166619292739,93
2024-05-27 12:59:15.702410,44.81700524756278,49.30292887246661,37.640988477996515,40.664030702133914,196
2024-05-27 12:59:16.703827,29.612443436103565,37.022937188406054,28.45682215157084,34.83332502065766,738
2024-05-27 12:59:17.706004,53.31621394593555,55.752967549327,53.026660333040226,55.13309348055718,876
2024-05-27 12:59:18.707552,95.8034607411623,98.32310416702393,91.20147198975472,94.34054005073993,30
2024-05-27 12:59:19.709779,70.62953594261161,79.567847280836,63.933385739596346,68.1116121671259,447
2024-05-27 12:59:20.710826,92.05773254711374,92.26302234713212,87.04734955265705,92.11339113097135,127
2024-05-27 12:59:21.713113,14.491422401884401,16.116530280242575,12.448199725931346,14.090115903724044,891
2024-05-27 12:59:22.714367,59.80849090536521,68.3960425511285,59.60049340483052,67.36467260221006,438
2024-05-27 12:59:23.715817,82.21599010769134,90.31658404480801,72.72581726075832,87.13712084330048,938
2024-05-27 12:59:24.717704,19.604330912419364,22.34820570451501,19.04386383912345,19.584917671107693,26
2024-05-27 12:59:25.718990,47.74453826192616,48.01538940415596,47.556203255689,47.57709614627894,811
2024-05-27 12:59:26.720752,62.492403816551665,69.18774892896909,53.86584017110421,58.931509728147674,454
2024-05-27 12:59:27.721983,37.74537962309195,47.45937320504753,36.18730954550511,38.061255751049806,55
2024-05-27 12:59:28.722922,24.834731979725955,32.2972194582731,16.488277608511638,29.53769712496352,707
2024-05-27 12:59:29.724376,39.55041807025354,42.69168650063794,38.61127242802358,41.72493406296191,752
2024-05-27 12:59:30.725953,42.39207263160741,51.12532598646166,34.85847641030104,46.11841465850051,411
2024-05-27 12:59:31.727639,54.83441085215425,58.36924862180848,48.29124827563717,56.17031792844266,24
2024-05-27 12:59:32.728835,55.04123972329354,56.511046714921655,54.16588859115628,55.87515254384211,962
2024-05-27 12:59:33.729969,42.50944963520149,48.73483772388779,39.21549651414261,45.615148748797324,461
2024-05-27 12:59:34.731245,15.033918494029441,16.37076293206403,6.984900987169011,11.955247373396404,177
2024-05-27 12:59:35.732941,55.55589387031395,57.92233512728794,50.508351114520444,55.8221436205686,338
2024-05-27 12:59:36.734319,66.45929901453886,74.6767939705931,56.94694806850114,59.90968319621945,239
2024-05-27 12:59:37.735636,12.561653300901321,14.911801915861005,5.620388092215244,6.788217524119174,203
2024-05-27 12:59:38.736978,30.344060824518927,39.8466345396276,24.84304889234927,30.992882475435486,541
2024-05-27 12:59:39.738421,40.73406144382046,47.406645923722735,34.46823457747561,44.18688217447231,939
2024-05-27 12:59:40.739951,4.549204596263968,12.554673287714483,3.9151945158692643,11.904694987786716,544
2024-05-27 12:59:41.741485,73.06812448361781,73.5946017495839,71.57171106103019,72.22658358182953,675
2024-05-27 12:59:42.742791,74.03382441351351,77.49620520210695,64.17541246080086,70.97640993214769,918
2024-05-27 12:59:43.744195,25.276830497134085,32.717863546452705,19.33510096398091,29.88868112345125,527
2024-05-27 12:59:44.745762,16.227276244469557,19.099969694634503,14.20403533376186,14.546760471717253,485
2024-05-27 12:59:45.746758,89.14587236032843,97.02928004922316,86.4725212712181,91.22547775865434,265
2024-05-27 12:59:46.748062,87.40696948638228,90.59272858434063,86.62730648882678,90.47144007331167,269
2024-05-27 12:59:47.749458,1.442300768993221,5.380211170456773,-2.7214380887079517,-1.9609983547280563,923
2024-05-27 12:59:48.750983,55.9078587161215,65.10516365814291,48.65450866058871,50.6824728447173,783
2024-05-27 12:59:49.752705,6.702248237346242,9.077078733291708,2.0995918749739078,4.614650533248441,963
2024-05-27 12:59:50.754222,88.0949601470052,97.31940425614793,84.6398874277606,93.59614362993895,718
2024-05-27 12:59:51.755491,19.83945432146048,22.67130651800746,11.974697574058748,18.442385551321472,997
2024-05-27 12:59:52.756850,42.08425474042752,46.87811693582461,38.262949430021244,40.69473152764343,740
2024-05-27 12:59:53.758429,39.07998611818493,41.34510878551514,33.45740180598458,34.4003668223624,391
2024-05-27 12:59:54.760074,23.508692181015313,31.76909766862736,14.63282662283677,17.157009944200656,846
2024-05-27 12:59:55.761507,54.982454921057524,61.65149153210433,46.17046438143249,60.902765500024145,7
2024-05-27 12:59:56.763019,51.649667448057436,60.337603718267886,50.58321312059845,55.16376161111782,953
2024-05-27 12:59:57.764311,28.699380394400364,33.63522896252735,26.101609300019607,27.321424089856773,190
2024-05-27 12:59:58.765746,45.792489160768966,47.67497992356658,37.73465935958789,46.998609053007755,497
2024-05-27 12:59:59.767125,96.13979030722672,96.55292337387989,89.80945925291,91.00018808347072,65
2024-05-27 13:00:00.768880,53.830362325758806,61.670467736306115,49.022973503317665,54.10213521183038,605
2024-05-27 13:00:01.770696,56.732332914398334,59.5042146418978,54.658605984386554,55.73520028724017,1
2024-05-27 13:00:02.772077,52.890760693501726,62.59309449241891,51.0221122990093,54.08521016623579,98
2024-05-27 13:00:03.773592,8.006445559682495,13.696171769096033,5.097353348553521,7.310471342975559,733
2024-05-27 13:00:04.774738,20.31348577060702,25.473568828401163,15.749615099224446,16.266790074739244,115
2024-05-27 13:00:05.776422,4.384744754637349,10.346261830091837,1.1859102515071718,5.165255406094305,268
2024-05-27 13:00:06.778253,36.63555104676522,46.057280506179545,33.707798604640374,43.02221148196071,618
2024-05-27 13:00:07.779490,13.257544160202473,18.68978378345234,8.080974277507826,13.809631276668306,49
2024-05-27 13:00:08.781243,62.992739875732276,70.17476097780511,56.76423476669875,69.65626829437812,420
2024-05-27 13:00:09.782587,30.422832031304246,35.4160749315318,23.704271399620087,35.41178172904241,437
2024-05-27 13:00:10.784835,24.975420369698277,34.46364586660697,24.3906247824904,31.160502950461954,698
2024-05-27 13:00:11.786072,81.55561857110465,84.64043832508106,80.0473021383678,84.6058534698329,44
2024-05-27 13:00:12.787400,38.968156798414036,40.88304518714363,29.129055172008357,34.126282210942016,72
2024-05-27 13:00:13.788561,86.74967124096052,92.05124302631417,79.73776944783343,90.00285629874449,109
2024-05-27 13:00:14.790838,77.2578416025039,77.35095466636626,68.89025509413766,71.27059360735602,854
2024-05-27 13:00:15.792190,74.88146760384478,78.13994343989724,67.9543493730697,72.3776996975684,860
2024-05-27 13:00:16.793618,23.687451049113417,32.32911116481596,19.18421030601024,28.689114518904304,471
2024-05-27 13:00:17.795371,64.91376120284137,65.50722364270815,57.29661216916817,64.6946721603227,77
2024-05-27 13:00:18.796887,59.01960941259501,60.19196055536216,51.06994959182714,57.66513527810651,14
2024-05-27 13:00:19.798443,49.51152760295411,57.63099347672042,45.42601679231675,49.351194346464055,286
2024-05-27 13:00:20.800055,6.559629870101613,10.477027391164228,-1.9781708154137867,9.205633231396089,440
2024-05-27 13:00:21.801577,21.70332955284804,28.989151335461695,12.159196803134801,19.46732810335595,230
2024-05-27 13:00:22.802943,84.2904522507769,90.33842864475633,77.84386269369799,84.13717151515438,723
2024-05-27 13:00:23.804092,27.93120045999078,30.93885018610542,23.926452616146804,28.656141154826457,203
2024-05-27 13:00:24.805600,26.964836837905672,34.91501258070936,18.047337953729038,34.65060350501035,991
2024-05-27 13:00:25.807323,68.9497267259066,74.14532596083681,68.13628075124775,72.2512426494085,44
2024-05-27 13:00:26.808646,51.47500744156193,58.15631499637106,45.508131434207385,54.035320033021065,41
2024-05-27 13:00:27.810075,77.00627293768402,86.31734853726739,71.72155719631658,85.24664418217772,909
2024-05-27 13:00:28.811828,5.574693093161976,9.476998304527044,-2.8691311855542114,0.148870343809417,80
2024-05-27 13:00:29.813544,9.71222635127712,19.161859053126705,3.624632284203459,5.352037191177103,877
2024-05-27 13:00:30.815024,51.8548962809948,61.40338754607696,44.694170310105065,49.27011825964362,529
2024-05-27 13:00:31.816630,9.745401677939025,12.774690620128338,3.6333213754792046,4.048947353418418,423
2024-05-27 13:00:32.818511,13.716837791449121,18.65790193760728,13.314265293554724,17.10819635748446,99
2024-05-27 13:00:33.819645,9.409296780543997,13.755619739581824,3.7361831906320475,7.298454402607932,311
2024-05-27 13:00:37.237055,75.87367707802795,77.00848189084226,67.25381902450573,67.76359811675839,649
2024-05-27 13:00:38.238933,56.990586994751865,63.34270612779288,52.46375366455013,59.99828216365296,517
2024-05-27 13:00:39.240820,28.287055345238077,32.73671301220279,27.968951598148728,32.49428164901687,395
2024-05-27 13:00:40.242610,51.63353442140413,52.3228755103278,44.80171309874957,46.575864456769985,1
2024-05-27 13:00:41.243569,30.42705997920815,38.07547779500045,28.03397511764444,33.77598198347965,718
2024-05-27 13:00:42.244380,11.625970372464812,12.456109658340726,2.882753481912216,7.837857984561979,97
2024-05-27 13:00:43.245574,31.45849273563416,34.254171592692494,28.696937147383725,29.23821821206132,217
2024-05-27 13:00:44.247037,88.66520276706248,90.30404571425528,88.60292797668576,88.74087573041825,741
2024-05-27 13:00:45.247891,50.25714566317991,51.88233026497281,40.50288047579892,51.71718831700157,588
2024-05-27 13:00:46.249447,95.92697445288371,103.98779598333391,93.46374294199737,99.05262536569566,347
2024-08-30 11:15:01.018645,32.527486588263635,34.07933740023207,25.16091156874144,29.087106303214018,734
2024-08-30 11:15:02.022624,23.09803280601751,32.64202034656941,21.159960694992062,26.212800704231284,333
2024-08-30 11:15:03.024367,71.39424962922818,79.61122935511902,65.53747516405721,70.18134322750706,665
2024-08-30 11:15:04.026311,32.69442637584463,33.31344611458545,31.81663780496848,33.091869621343974,536
2024-08-30 11:15:05.027959,51.086182088805465,60.47453331991099,49.36458705136022,54.76308035732153,983
2024-08-30 11:15:06.029763,85.56847925935483,87.984664902842,84.64080622359508,85.11915129930682,224
2024-08-30 11:15:07.031254,66.58291154288784,72.9460684873516,58.115866640573145,70.30455629059996,643
2024-08-30 11:15:08.035028,22.925426807354764,26.092799317400313,21.731771734795426,23.68575021970843,874
2024-08-30 11:15:09.036942,92.80257494007746,98.63708232771461,83.70663304524706,86.0682063816493,128
2024-08-30 11:15:10.039214,4.25992583234861,12.682793040030532,1.9453526634669887,11.472420484299473,903
2024-08-30 11:15:11.042071,74.00998359615653,75.40421554075394,69.62343393619179,69.89054492160295,354
2024-08-30 11:15:12.044190,86.95919151593345,93.46848859060928,83.13790810137981,84.77596195522433,764
2024-08-30 11:15:13.046053,75.60329456540728,84.87528396961699,67.45950053378787,82.29359983754598,331
2024-08-30 11:15:14.048007,30.964816041511156,33.24538507353633,25.861733962760525,29.43057666165215,576
2024-08-30 11:15:15.049641,80.67697567886621,88.247497015987,71.8514507807512,81.02616608829649,99
2024-08-30 11:15:16.051698,89.88573623602443,90.49931348217248,83.03680881234604,88.70190226119036,450
2024-08-30 11:15:17.053617,41.138005814705146,50.46960097640043,32.14380008079679,34.06925059839678,959
2024-08-30 11:15:18.055719,9.156391519587626,17.220347288478273,2.2273824970471523,16.05842418527856,514
2024-08-30 11:15:19.057897,98.0941785632262,101.7090375034288,96.43619136838433,98.05490059484845,479
2024-08-30 11:15:20.059851,52.126290945470686,53.344631131933845,42.81959992183887,53.243904766942265,348
2024-08-30 11:15:21.062140,12.734521967839918,21.753243557858628,10.658725094537536,20.682918913459055,586
2024-08-30 11:15:22.064738,90.30344220694548,96.52945767070656,87.84310359997012,93.08467049424755,319
2024-08-30 11:15:23.066422,65.762257943464,66.98845420238662,58.01321269924942,61.24597410426837,20
2024-08-30 11:15:24.068139,44.28919755908707,47.3263831922905,37.74738230054983,40.82705007896343,650
2024-08-30 11:15:25.071100,4.388772904652183,7.525732382385598,-0.8539616867474686,-0.008168668066294349,477
2024-08-30 11:15:26.072767,62.84954545483655,71.00987717418585,54.855031089310344,59.528383184846,971
2024-08-30 11:15:27.075276,23.572393465702422,27.44837980173054,18.14427534298513,26.44030330639415,711
2024-08-30 11:15:28.077243,6.011028001658225,6.695240473483795,4.537468441041038,6.628308481398196,295
2024-08-30 11:15:29.079308,99.09369421057836,106.47984205809144,95.90317070577194,103.98553644249775,520
2024-08-30 11:15:30.081580,78.24232170606257,83.14280355315614,77.302918789165,83.09531482833634,510
2024-08-30 11:15:31.083845,96.06116219498166,103.34528457433419,89.00179138797311,94.39519136015167,302
2024-08-30 11:15:32.086166,1.0759511744899974,8.772041037986668,-2.548154937631222,-0.017321402108276818,511
2024-08-30 11:15:33.088407,21.3220183201979,24.555391617951827,14.082460988584353,19.05817707523488,80
2024-08-30 11:15:34.090012,18.004580360845203,26.480031223438072,12.07504510328894,12.9443559849318,243
2024-08-30 11:15:35.091682,70.79536311680063,78.88352072435094,70.16446663726704,72.61262182761202,883
2024-08-30 11:15:36.094009,45.20044213300116,48.64595898991428,36.870534823477435,42.500107599117094,814
2024-08-30 11:15:37.095568,49.69781845103217,54.3687495566395,44.58646492617534,47.03960409495649,410
2024-08-30 11:15:38.097420,34.24104026720515,40.6859042329093,26.593588476283013,28.880333988070877,738
2024-08-30 11:15:39.099258,44.010573214101136,49.178730131327455,35.845610172842406,47.60592774288078,989
2024-08-30 11:15:40.101782,36.72951824502717,40.1971392319754,33.455961886419246,38.90472807064306,113
2024-08-30 11:15:41.103808,25.653473135962003,33.54626122921577,19.814632434365965,26.674218897131887,216
2024-08-30 11:15:42.105551,65.98988704993754,74.95607649143173,65.50361896114289,66.24893153510497,787
2024-08-30 11:15:43.107274,87.30524294378729,92.24099671369225,84.8517397546401,89.94941885589317,329
2024-08-30 11:15:44.108890,70.82377355706801,76.06559645090884,63.862922225767534,64.62761757479116,258
2024-08-30 11:15:45.110696,29.877024544269027,34.18090392266396,28.04254929892095,30.640922701984366,945
2024-08-30 11:15:46.112701,87.8138888958982,97.17046706139294,82.20901123964265,85.70730617164925,231
2024-08-30 11:15:47.115303,97.72495154173927,106.81215961741388,88.10680637578925,103.08930230198834,277
2024-08-30 11:15:48.118052,93.80601934822806,100.70837402674539,92.90646970997952,98.06432501960485,649
2024-08-30 11:15:49.119884,56.810687806129756,57.48384296055046,47.136938201068745,53.76726354466427,982
2024-08-30 11:15:50.121783,39.26784779130966,46.51972308378021,33.80353152577594,34.294841919386116,412
2024-08-30 11:15:51.124054,28.014186989177592,29.153386533731005,24.62587340368549,28.749181551992862,182
2024-08-30 11:15:52.126007,62.07696455264994,64.63632606241808,59.72282852148599,64.50447744462303,161
2024-08-30 11:15:53.128485,93.27795837089691,97.10037809679929,86.11852730761865,96.33225982258935,126
2024-08-30 11:15:54.130487,58.341270429202396,63.50076367388205,54.63380339622009,59.51069475355512,638
2024-08-30 11:15:55.133060,87.18552144777586,96.40611081746955,85.0700636422189,90.73731663248287,240
2024-08-30 11:15:56.136473,45.01576894049112,52.86958568724251,39.65116162180455,43.85366344863365,525
2024-08-30 11:15:57.138476,66.24719758685629,69.6744985502382,57.88100065810117,58.98852891247668,481
2024-08-30 11:15:58.141100,40.76954246950061,41.26228933000813,32.29099521139977,39.31058265591785,217
2024-08-30 11:15:59.143215,81.54128981421414,86.21543373447815,76.45828225430616,83.89005246748323,266
2024-08-30 11:16:00.145117,80.19810278723052,87.61853279431409,72.00550220517607,76.16955347163827,652
2024-08-30 11:16:01.146735,38.575093805431806,44.30364237496529,36.10338516088521,37.70269247673236,26
2024-08-30 11:16:02.149251,38.87253524575364,47.40235063644299,32.687945434115164,34.78272132268524,159
2024-08-30 11:16:03.150967,78.34257106339774,78.74276634720677,75.51618307384643,76.03061344510469,312
2024-08-30 11:16:04.152826,46.545063589628796,49.52516625633601,37.53037096569381,44.95505025031819,544
2024-08-30 11:16:05.154946,71.12044111289259,77.94921432038035,70.89534453835789,74.71804472126688,791
2024-08-30 11:16:06.156801,5.883756469773315,11.847800145878415,-3.5121672665082,9.984027140047044,37
2024-08-30 11:16:07.158582,12.031012453712343,16.890097374622478,9.2964007671097,14.546803441888553,578
2024-08-30 11:16:08.160737,19.169729286729563,19.45461779861414,11.181879197585634,13.46813699695436,926
2024-08-30 11:16:09.162622,43.727004140848955,51.88237213835858,34.17135136661757,44.405889835100616,590
2024-08-30 11:16:10.164704,76.58306371543847,82.78484320434258,75.6130957187642,79.3175787609886,263
2024-08-30 11:16:11.167545,78.80118380802126,87.0641661465802,76.11500180543464,80.49118110507844,879
2024-08-30 11:16:12.172350,53.120037326640436,61.59666161334696,43.998297150126106,57.57121856175254,700
2024-08-30 11:16:13.173998,20.49747542382422,25.79573075812873,12.943187255100135,18.125214960680406,472
2024-08-30 11:16:14.175927,96.24626759782092,100.0802614231304,91.86119592280289,94.30311749195884,519
2024-08-30 11:16:15.178677,98.56758201585507,105.38143333470138,92.65328784962236,93.66890381165632,620
2024-08-30 11:16:16.180717,42.537856312143965,43.90260202545382,38.50524210218692,39.82455978062784,481
2024-08-30 11:16:17.182762,20.84900306273746,24.570984478044874,19.152187972053994,20.346234518488508,68
2024-08-30 11:16:18.185502,62.4599698089348,63.04465614725794,54.74892298757516,56.5828956000297,48
2024-08-30 11:16:19.187676,79.27318110485136,86.31390303740443,73.55178393501178,82.93299493780586,526
2024-08-30 11:16:20.189263,97.35920020984598,106.80810258704854,96.02741935475335,97.45796634416163,196
2024-08-30 11:16:21.191798,12.643069964716025,21.905561622610158,3.3014231438901493,11.953542768827361,414
2024-08-30 11:16:22.193643,19.192066167271438,22.672255979967133,14.357613160809398,17.329824035412013,603
2024-08-30 11:16:23.195911,38.55612377537042,45.05177754273226,33.691664644155075,41.88642399091867,440
2024-08-30 11:16:24.198839,34.47350993686472,39.998825027730554,25.341239731969534,29.44939838212922,82
2024-08-30 11:16:25.200661,88.20212688028525,89.2418670372676,81.90235649183685,86.44785284993466,818
2024-08-30 11:16:26.202425,1.0938270730881383,9.937366489463972,-7.398605854140642,3.820385139392932,176
2024-08-30 11:16:27.204849,65.71090767569001,69.75012306899345,63.11994282165398,64.67529490888428,913
2024-08-30 11:16:28.206678,82.19901884862072,83.93153906077076,81.48177064330224,82.10918317124998,750
2024-08-30 11:16:29.208529,70.94563491720459,73.71488259600588,65.42950058165516,70.05183018073495,833
2024-08-30 11:16:30.211554,87.61052401917404,93.66107697434626,77.70138431876588,93.55905964219579,29
2024-08-30 11:16:31.213613,67.03850821013656,76.96950275998867,60.159197369414116,73.95710610792848,992
2024-08-30 11:16:32.215739,7.800115561265142,14.633208846228044,6.1298502328544116,12.56391114231954,1
2024-08-30 11:16:33.217523,20.862665175932705,30.69410561019138,11.984459608087414,26.513141475618283,588
2024-08-30 11:16:34.219196,43.479237073837574,46.702493401483466,40.34743425703284,42.26885617260928,453
2024-08-30 11:16:35.221635,4.517156495413587,10.762785283505078,3.026472224851882,7.0931819213387834,732
2024-08-30 11:16:36.223553,97.43949728951323,99.9817443757983,95.14771131045812,95.73434780303508,126
2024-08-30 11:16:37.225393,98.73468018394422,101.41035427842817,89.17579225840107,92.83523140756232,708
2024-08-30 11:16:38.227346,87.99376012952847,96.06875060123576,83.38171002879973,86.52092482015583,820
2024-08-30 11:16:39.228962,75.48113178120637,80.8670040658156,67.02060763324978,69.03023291149232,954
2024-08-30 11:16:40.231042,61.242933610225705,61.80789557763019,54.941712151055114,55.49768787685397,851
2024-08-30 11:16:41.232951,17.687311278809158,27.08449154401213,11.29171709513945,23.0733959145101,855
2024-08-30 11:16:42.235059,35.14837299973534,42.47806616171035,31.125182520917843,41.27454423419886,162
2024-08-30 11:16:43.237061,96.69102429122248,105.86498671912005,92.05143147292071,103.73608423704226,485
2024-08-30 11:16:44.239823,40.78605011896313,46.58100079587171,37.30820194552823,41.254452367254096,863
2024-08-30 11:16:45.241575,89.5757550732211,93.6586411645327,88.99961750814006,90.97828179304607,933
2024-08-30 11:16:46.244090,61.23936077785581,63.21752502640846,52.83422330796347,53.3623181336942,403
2024-08-30 11:16:47.246106,78.27335224551317,78.29334232109773,70.87841833089024,72.54008886571144,970
2024-08-30 11:16:48.248442,28.95044203154351,32.10363065307417,24.331523360995263,26.136811576551445,659
2024-08-30 11:16:49.250183,76.56795324592588,80.905432550209,72.24109684473365,77.27270585412474,288
2024-08-30 11:16:50.252620,60.55479251125053,63.59977059661031,59.414546513510714,60.20620243212003,428
2024-08-30 11:16:51.254777,47.622635961624006,49.498640583929195,39.550402749796646,41.4719115019899,314
2024-08-30 11:16:52.261182,71.27441280317892,78.77954326954158,70.24105835082929,73.58516508965934,27
2024-08-30 11:16:53.263858,94.47254873154631,101.22812377661234,92.4436881644945,95.38732796527631,868
2024-08-30 11:16:54.266291,68.84331644125913,73.57993704563461,66.19298896065924,70.22899857605407,21
2024-08-30 11:16:55.268233,19.092115656753062,27.780007387661588,14.124655414169858,17.936814286448996,685
2024-08-30 11:16:56.270521,87.65155457158174,91.66383122161153,86.43172679615503,88.42477208941183,154
2024-08-30 11:16:57.272441,34.62415127281567,38.082382458613786,29.06214665719275,36.37491513706812,646
2024-08-30 11:16:58.274405,68.53295283331393,71.8293443189851,64.9433650583695,67.97766544535644,272
2024-08-30 11:16:59.276826,49.4281986910657,59.21538532728144,40.48577977825066,41.76226672842004,370
2024-08-30 11:17:00.278513,34.71650238771096,40.31620712034923,26.536144321896863,35.88790247540007,791
2024-08-30 11:17:01.280430,18.838629632505576,22.588088904757882,10.546975344849496,11.45300663250447,321
2024-08-30 11:17:02.281902,19.61933702425831,22.533952471690952,17.65803936739052,22.044708898703856,111
2024-08-30 11:17:03.283591,25.54255085992141,29.945753174339842,16.87766230039768,23.18759993651561,817
2024-08-30 11:17:04.285673,77.68138536867248,80.28101876130165,70.57859092902906,71.2751578278948,415
2024-08-30 11:17:05.287389,84.81946714120664,94.17217373622556,83.59894272373586,91.81028312002418,593
2024-08-30 11:17:06.289727,57.32868418810202,61.07498444827077,56.42874288431154,58.51753937962132,605
2024-08-30 11:17:07.292207,42.477266848857,43.06925002143327,38.97992363665298,40.53274843591355,57
2024-08-30 11:17:08.294573,11.420251782348355,18.740578992277673,3.040164274254842,10.15549063493156,664
2024-08-30 11:17:09.296887,57.49807003320846,66.29776286683416,50.963797271613316,61.0578205602265,67
2024-08-30 11:17:10.298811,61.38002187153132,64.68632076642093,60.62407418689257,60.81975258836156,883
2024-08-30 11:17:11.301490,22.264710822474942,30.406615397969567,20.88647593158719,28.140044682924223,287
2024-08-30 11:17:12.303695,22.858098813833514,27.946524861095924,16.268672839440914,26.59132752823281,914
2024-08-30 11:17:13.306113,62.27293332091658,66.04410123359133,56.148345723155515,64.46650962635577,531
2024-08-30 11:17:14.309292,79.75036430895814,84.35844726232472,73.10043158912606,80.96325751110953,480
2024-08-30 11:17:15.311692,21.22335110699699,23.910265707745836,19.10269956427933,21.826702360404568,531
2024-08-30 11:17:16.313823,28.10868249827154,35.49540307803197,27.25080793187068,27.495725924100437,292
2024-08-30 11:17:17.316275,39.82873618631806,43.7541971247665,39.372788448994214,41.79114741111579,87
2024-08-30 11:17:18.318493,52.60092964071148,58.268010600474014,48.57914551372071,49.960534258794695,791
2024-08-30 11:17:19.320888,20.112289283526298,23.69948630184771,12.83541771137207,16.222401000164087,552
2024-08-30 11:17:20.323036,61.26294867277022,64.59814393511789,58.9558277779708,61.435075095944484,698
2024-08-30 11:17:21.326207,91.53163103506928,92.12426928114046,85.58389768491273,86.68368246680038,708
2024-08-30 11:17:22.328977,8.414910653503094,16.363864183388742,4.8303064205209685,5.546546700991456,57
2024-08-30 11:17:23.331070,37.69364285726655,46.58044644729694,30.37394697741609,44.976418087246444,347
2024-08-30 11:17:24.333395,6.165213541930214,15.860879445032186,-0.36322387857798155,14.265961034658497,246
2024-08-30 11:17:25.336432,50.11627281125899,59.05357140326494,42.02607984400985,48.885738234525526,220
2024-08-30 11:17:26.339643,40.77177976263725,43.59432043446345,31.90996992346996,35.46306038408994,518
2024-08-30 11:17:27.342459,80.0843851542873,82.89457845798933,77.61187133231488,77.77975176618838,986
2024-08-30 11:17:28.344449,0.07829078519329125,5.303375076055621,-2.9692383974358627,4.113243231243781,55
2024-08-30 11:17:29.346496,57.667816813339016,60.248034312486155,50.723490367102755,58.81452363500851,93
2024-08-30 11:17:30.348826,31.889948424053106,32.825027623980866,26.829976961959208,30.822316022135098,544
2024-08-30 11:17:31.350455,99.34627250334853,99.42946977263558,95.7632811706767,96.30766307257659,743
2024-08-30 11:17:32.352300,3.995502542567031,4.017746452906271,1.5275279853826604,3.245800897910455,406
2024-08-30 11:17:33.355511,22.043147678514398,27.09064236651694,20.055759761431055,26.06324532036609,928
2024-08-30 11:17:34.357264,66.11004214084859,71.88529161576632,59.24151588601258,71.45702964075981,12
2024-08-30 11:17:35.359344,42.12444650388333,44.563718034063314,35.04631689533113,43.857085360650515,736
2024-08-30 11:17:36.361945,69.60493965282815,75.42915648460644,65.01358711450119,67.58602344109171,877
2024-08-30 11:17:37.363874,50.185439445934385,51.311938017735756,47.818520675806454,47.82123867590125,304
2024-08-30 11:17:38.365841,53.90301013623874,61.7380847441698,51.73143410906711,53.648247798680906,116
2024-08-30 11:17:39.367935,18.519046004522433,22.060911433569924,13.674316178714891,15.71931633027232,33
2024-08-30 11:17:40.369627,59.79338015883824,60.23032791897597,56.50916672196017,56.593319149226524,963
2024-08-30 11:17:41.371651,66.93838704736403,67.97592468061582,65.30621677645216,66.3979502911402,241
2024-08-30 11:17:42.373939,53.42990962649199,62.8338727448175,47.261852493652086,49.55256710175501,593
2024-08-30 11:17:43.376174,73.68624697979115,83.02019093696903,64.58711444104844,70.72711923520214,149
2024-08-30 11:17:44.378239,84.58236780871259,88.27843196518045,76.45429131435745,77.28202998976695,280
2024-08-30 11:17:45.380535,54.22053097854903,64.01407049593334,48.88489412917821,52.63340869365233,823
2024-08-30 11:17:46.383245,25.24062139022988,31.529434813552662,16.788919087561723,21.726745703706786,712
2024-08-30 11:17:47.385649,43.02186997096749,49.331386923847006,42.13576827209796,47.078890466958725,15
2024-08-30 11:17:48.387378,29.609907797879455,38.705034835027035,23.702230331096153,32.0232523479073,827
2024-08-30 11:17:49.389490,77.58787378954388,78.63191083334938,71.26206204544573,71.35920508560451,371
2024-08-30 11:17:50.391242,92.58298639780928,97.78160207891531,88.61211027961762,90.73234882234138,263
2024-08-30 11:17:51.393792,41.71649477414697,49.124170360434974,33.751829210079904,34.28544747809538,575
2024-08-30 11:17:52.396016,84.21407092054844,93.88111354521551,78.97163068703595,81.66763314720758,860
2024-08-30 11:17:53.398319,66.77762703060205,68.07545766196834,62.65312022040083,62.7122022389202,49
2024-08-30 11:17:54.400335,8.085240969106156,13.348807899894807,8.002370012194753,12.549972835356694,247
2024-08-30 11:17:55.402327,27.619044631163746,36.315093076705026,20.792259896367845,22.672726274623688,839
2024-08-30 11:17:56.404266,20.828575569308917,29.71536154422668,12.20627154351785,16.871108048570292,147
2024-08-30 11:17:57.406496,48.85431220801857,54.0529044686128,45.477599667436635,49.30007059433994,537
2024-08-30 11:17:58.409075,93.15005739026246,102.1571499821032,83.65939947258096,98.67421414730984,831
2024-08-30 11:17:59.411522,93.21056457802925,95.37623531037042,85.64387593384254,88.02439753522887,320
2024-08-30 11:18:00.413314,17.51181965780222,26.171442324477827,11.92969578294041,17.718836645773873,765
2024-08-30 11:18:01.415227,55.279202107249695,57.22987518235032,50.879071285497716,52.57326858463256,272
2024-08-30 11:18:02.417101,8.974707390987158,17.111530616269164,1.2103480221409963,16.407648855879664,296
2024-08-30 11:18:03.418608,75.63058925247697,82.09124831773939,71.29421267915151,75.45016695636384,265
2024-08-30 11:18:04.420309,49.17164089442962,54.003426923087886,46.63239830441754,51.02556796723521,432
2024-08-30 11:18:05.422596,61.54461488211413,63.61803278596459,58.38864994182421,61.98761019855051,264
2024-08-30 11:18:06.425133,33.26280060324392,42.66990144994911,27.137483580782792,29.313704800700634,342
2024-08-30 11:18:07.427494,61.822812598383045,62.10654469959814,58.51265739574653,59.51211544400072,233
2024-08-30 11:18:08.429873,31.592873172897995,33.391965113870825,29.558348800171075,32.97122573418231,459
2024-08-30 11:18:09.432057,11.71383771291924,19.437338638181203,5.958976916796485,17.243642432546878,850
2024-08-30 11:18:10.434312,60.4353937162094,60.99297837330785,55.73719048659762,57.26382251688318,39
2024-08-30 11:18:11.436562,98.65271350594875,98.86255747067986,90.35829289308198,97.69715006099645,810
2024-08-30 11:18:12.438551,81.44250784883005,85.83042756629477,78.64453684787925,82.37957807850754,314
2024-08-30 11:18:13.440847,21.180348646469593,28.994271587349562,17.40386096647241,23.436605936873637,998
2024-08-30 11:18:14.443424,97.50406595537143,101.69039473193803,88.98152409091841,96.38566217078117,862
2024-08-30 11:18:15.444976,23.816407413811614,25.623687787200822,15.820242185741675,21.068249129922926,199
2024-08-30 11:18:16.446576,3.6254852257152526,7.575196701354027,-2.4380239889754542,-1.5362646892363327,37
2024-08-30 11:18:17.448812,74.68363469364981,81.98069712438023,70.91670226449982,74.26229896696715,598
2024-08-30 11:18:18.450603,57.68400479137091,60.94205843638721,57.59323244864977,59.70447123471097,952
2024-08-30 11:18:19.453109,2.7148351787220415,6.1584680988668525,-4.785319278203798,-4.333438257906626,306
2024-08-30 11:18:20.455895,8.20466056125968,15.177677513856679,5.150448367829338,11.733419137444113,482
2024-08-30 11:18:21.457657,93.52868783888219,94.88940726105074,89.08243915830649,89.35291206349085,209
2024-08-30 11:18:22.460173,53.62358162084659,62.63255610001598,49.898463249743145,58.68286433436911,803
2024-08-30 11:18:23.461999,3.6785483200286517,7.658200177396978,3.26351688987259,5.617458332722881,29
2024-08-30 11:18:24.464546,20.658756953718438,30.021917318454207,17.849494344632703,19.423596842685242,23
2024-08-30 11:18:25.466292,78.60756751891432,81.98358968440768,77.62710859384461,78.91235010183436,884
2024-08-30 11:18:26.468301,38.36872977153972,39.222869388623025,32.23260870717315,32.46398184920795,728
2024-08-30 11:18:27.470085,61.94212579265778,71.7251686291509,51.943398722104085,59.33332465907738,712
2024-08-30 11:18:28.472155,23.020516732943875,24.992256524131196,21.323622614885267,23.386170155370724,663
2024-08-30 11:18:29.475217,73.90902579573229,81.92766414712801,66.24947332297663,72.2426618602902,949
2024-08-30 11:18:30.477787,12.970277481492465,22.253617990481118,5.36491492475391,20.64609806983237,215
2024-08-30 11:18:31.480159,64.7308127454302,71.38952813126714,63.61656615656349,68.8158302671107,870
2024-08-30 11:18:32.482619,40.47829813487201,42.501811001924,30.92780451324441,33.273430232713515,370
2024-08-30 11:18:33.484467,87.53156509709056,93.95817682256288,78.2610323934157,82.21137043957482,532
2024-08-30 11:18:34.486768,49.87022200154724,53.120344379272936,43.80031416752811,46.702800536157284,760
2024-08-30 11:18:35.488905,66.11686113418558,75.2250890819441,57.13969528618425,57.63663458949527,623
2024-08-30 11:18:36.490977,85.69502595101744,94.96993447660627,81.71612583751609,82.05076170529917,1
2024-08-30 11:18:37.492820,29.81862259836837,34.7876217099463,22.569112305203756,27.361470046417246,692
2024-08-30 11:18:38.495224,92.89942349266023,94.21181891310316,86.87624818990251,89.77214009253731,307
2024-08-30 11:18:39.497833,66.50228276762931,74.1677117769355,64.23044671776475,67.31076296470063,707
2024-08-30 11:18:40.500026,49.75382447338008,56.208510998336514,42.534165537199236,47.74716376336808,526
2024-08-30 11:18:41.501917,51.51412657355438,51.621037667828766,49.13598584951828,49.40273590403555,319
2024-08-30 11:18:42.503733,72.26446858859354,81.83814530309965,68.16261676292181,72.68412917302369,283
2024-08-30 11:18:43.505535,63.542458332101006,65.44238399676591,58.55552348460118,63.43741015551922,730
2024-08-30 11:18:44.508060,7.903573190816083,17.0460726836829,2.568154040391393,3.061327310541536,441
2024-08-30 11:18:45.510256,93.24517475065797,98.71976557246633,88.96259939586578,95.85435912981929,821
2024-08-30 11:18:46.512808,74.63253945691221,76.75247133700836,65.8491486138072,71.56315573479026,683
2024-08-30 11:18:47.515084,88.15026933912647,93.41797988153417,85.1428070260576,88.89941233595621,709
2024-08-30 11:18:48.517206,76.69535821672484,83.5589493117244,67.76561920705157,77.1429068432928,428
2024-08-30 11:18:49.519257,66.84110156387518,74.10079007703905,64.25919200719879,68.41413554394279,198
2024-08-30 11:18:50.521362,88.4941185059102,93.4406906372927,81.3189568723723,92.37761070111554,62
2024-08-30 11:18:51.523379,32.58021399723516,39.78896712151908,23.636473268850338,37.41904434107963,986
2024-08-30 11:18:52.525735,21.556781155355374,29.590971729399143,19.67975619174913,22.763378501321444,689
2024-08-30 11:18:53.527986,52.85658118518408,55.68912611690927,46.12658307288112,47.55465223499544,238
2024-08-30 11:18:54.530827,14.308217359961295,22.316442168324663,8.695419043308105,21.43960771424451,710
2024-08-30 11:18:55.533363,28.548521783404635,37.84940583875969,20.78833978934899,35.004621613605366,626
2024-08-30 11:18:56.535569,93.51609550962331,95.45294898915486,91.32220403096518,93.67983267710981,968
2024-08-30 11:18:57.537976,92.43505591642158,93.94075833665711,82.89631583353146,86.64044045626065,916
2024-08-30 11:18:58.540687,19.79289326480316,27.921388682566807,14.708828399292997,15.755421322298336,319
2024-08-30 11:18:59.542546,99.6405400019808,108.114647273316,94.09787094302737,97.37482053644827,231
2024-08-30 11:19:00.545043,95.0380211348291,99.50318428816682,91.71295271582818,92.38399763514495,321
2024-08-30 11:19:01.547706,35.21769455749811,44.43944739180705,25.813437601445845,34.252555671946,207
2024-08-30 11:19:02.549552,51.27342780570508,60.673596052074856,41.84336651821568,47.062255104226836,422
2024-08-30 11:19:03.551999,1.6243374192977944,2.7438715557297777,-0.4295173117069053,0.26048725349091106,805
2024-08-30 11:19:04.553843,71.14458150226554,73.4224303543848,65.4371431842716,68.80003563442294,47
2024-08-30 11:19:05.556101,15.425283770386722,19.590741950018412,14.94469866482095,19.572592339712184,780
2024-08-30 11:19:06.557930,65.32585325141625,66.88317575665396,61.01563984606113,66.85477995856814,608
2024-08-30 11:19:07.560490,50.849088618534935,55.29099704544825,50.12162612152023,52.29615743067764,747
2024-08-30 11:19:08.563719,70.89420093753536,79.49031225069973,64.80899417441633,69.48632589868325,723
2024-08-30 11:19:09.565837,53.29840765596177,59.383991646968944,49.87599460897101,50.090026756229044,53
2024-08-30 11:19:10.567619,77.28103232846463,83.1916302846488,71.74711304160293,79.34416377474815,513
2024-08-30 11:19:11.569665,2.802255194178538,4.16754293125841,-0.33167762732693085,-0.1551265535511251,655
2024-08-30 11:19:12.571753,67.5649002880239,70.52631093442731,66.67937467002234,67.48920133696922,285
2024-08-30 11:19:13.573772,39.05343731051432,45.36243539597603,35.46027732408814,40.820607116646784,85
2024-08-30 11:19:14.576141,60.31579748738307,65.27586753672661,51.566265530741205,62.934308331519304,990
2024-08-30 11:19:15.578188,91.69246644587766,99.52483898211736,82.0092282474508,96.7735554001872,425
2024-08-30 11:19:16.580558,95.85142892053271,104.17257477671274,88.41858210829751,101.9103120266628,751
2024-08-30 11:19:17.582847,9.467622025908772,18.049197630013474,9.197167347499693,13.159748552918506,498
2024-08-30 11:19:18.584805,56.575766112408665,58.375982067164216,56.407946484651745,57.64274329302139,305
2024-08-30 11:19:19.586992,63.724227241009025,66.71863230026823,63.30369147983679,66.68459387287734,126
2024-08-30 11:19:20.589179,42.727721855006926,51.96577484805295,36.62312181039466,43.00765934314184,789
2024-08-30 11:19:21.591520,78.17891576365867,83.20800189081295,71.32736208895348,74.31424880061395,125
2024-08-30 11:19:22.593632,32.64403308517332,41.638694744589365,29.030673629690675,29.88902812187324,318
2024-08-30 11:19:23.595528,81.57880145815727,85.36711394323002,81.27719730272305,84.88476135851909,368
2024-08-30 11:19:24.597825,26.774107105129485,31.481007508858518,23.414704766943625,25.150065808321582,929
2024-08-30 11:19:25.600251,35.236250151120764,39.22966181456325,30.791106170684056,37.510104197138794,665
2024-08-30 11:19:26.602608,11.99614129380474,15.741702720855375,5.398134110473271,14.227909128365045,694
2024-08-30 11:19:27.604805,81.85022327174158,90.54260964731448,77.45929835936218,79.62102195954671,688
2024-08-30 11:19:28.607050,10.447200292216664,11.961246014914193,7.1009507660233036,11.000553767097312,312
2024-08-30 11:19:29.609284,75.49538722690512,81.9970687827565,72.63553896684154,80.42858524527934,849
2024-08-30 11:19:30.611519,39.142759644191614,45.10596260474663,36.197072052483406,38.18360601577667,913
2024-08-30 11:19:31.613404,57.68159925500459,58.45033554941057,49.31414641151253,50.16828368683507,820
2024-08-30 11:19:32.615667,77.55902578863058,80.04874413761428,70.581119717801,72.34844831178242,26
2024-08-30 11:19:33.618026,30.807007641844486,39.75506615346897,30.266371568844676,32.86155144502928,877
2024-08-30 11:19:34.620350,4.899752187075535,7.984002656318895,-3.8993886799107766,5.841640687557771,899
2024-08-30 11:19:35.622270,82.54478709731987,87.55243839363611,78.27187158998223,87.45221922264469,959
2024-08-30 11:19:36.624136,55.292464237835134,57.43655268850612,49.1050059174368,56.60635671171252,167
2024-08-30 11:19:37.625958,13.704319868452819,18.298848163839317,9.214685949139366,9.356570053364573,449
2024-08-30 11:19:38.628396,28.895936239273656,35.58173899647266,23.3697727019629,28.24057230345426,697
2024-08-30 11:19:39.630565,38.563227581368245,42.83528081293213,29.175687201425923,33.312408985806556,689
2024-08-30 11:19:40.632402,13.43265397600093,18.790076096140417,8.528997239382859,10.576471072633405,788
2024-08-30 11:19:41.634608,48.79649505868294,55.78411522351899,44.77827576323606,46.78131702721745,985
2024-08-30 11:19:42.636881,41.87513469297496,43.86579559644956,35.62921980638326,35.6586584430419,335
2024-08-30 11:19:43.638772,66.85424635553528,73.39471223068153,65.37487133653244,69.96448869624675,132
2024-08-30 11:19:44.641044,93.0271811120726,95.10361567013408,91.2180092875772,93.66589236890248,120
2024-08-30 11:19:45.643355,36.262293128178044,42.64118262636862,35.43870004658196,42.50009543911139,136
2024-08-30 11:19:46.645270,60.199281724576345,67.59308176633968,52.536645564144095,64.92925117284264,533
2024-08-30 11:19:47.647551,26.091440905395668,28.60505855890527,21.592740579208282,26.501674754753665,43
2024-08-30 11:19:48.649533,58.811314764879576,63.35605218581439,50.00855419051872,50.43457594936866,568
2024-08-30 11:19:49.651377,2.0695015837889907,6.9777124654718286,1.1276153086626761,5.81336345412643,607
2024-08-30 11:19:50.653348,2.007431564727147,7.744628024693419,-7.05496393950088,3.019813989814697,400
2024-08-30 11:19:51.655576,52.29974228450311,58.34661120627675,42.91815595646405,49.64184065183903,68
2024-08-30 11:19:52.657444,24.998172009588583,32.76537190513034,19.04659390168698,21.694531092833557,481
2024-08-30 11:19:53.658981,31.194067898178226,37.68752247516653,21.888477677702955,33.48305425327834,309
2024-08-30 11:19:54.661083,4.828938576144126,9.586297536003169,4.252811365814501,9.018995955865945,157
2024-08-30 11:19:55.663086,99.1789418827768,106.5815701761137,96.83599865833231,101.84748814683871,86
2024-08-30 11:19:56.665039,74.06533660859499,84.01678288428492,67.52440165893348,78.73507843832196,558
2024-08-30 11:19:57.667237,64.37735607125774,69.14012879947943,64.15686291997686,68.9272014723852,924
2024-08-30 11:19:58.668908,90.37070916017477,92.19472167379563,90.07416180853862,91.49090962293174,430
2024-08-30 11:19:59.670966,96.5775158551244,100.27640598364529,88.9860920787363,96.98496590321385,691
2024-08-30 11:20:00.673126,76.80337129775695,76.97856104244423,75.4737470302552,76.84725485866153,845
2024-08-30 11:20:01.675529,2.6279385672738798,8.311513954327564,-6.003401368764674,-4.37177246422035,576
2024-08-30 11:20:02.678206,53.41724933397606,54.62964204791087,47.17737950842376,50.92114313098858,664
2024-08-30 11:20:03.680076,7.177423758463764,9.427012937887008,7.0143965403943795,7.729231832083071,155
2024-08-30 11:20:04.682186,56.282416963085225,58.285115464271854,55.902141576443285,56.44979056397329,634
2024-08-30 11:20:05.684682,13.82498231195749,23.775702038125253,10.00742911799912,17.30731110194055,523
2024-08-30 11:20:06.686604,36.90489936663647,38.90891932901128,32.31098692046808,33.15603215932236,225
2024-08-30 11:20:07.689023,42.441761893290966,44.4773440650105,40.73819602307768,42.48286075066062,85
2024-08-30 11:20:08.690759,34.15182006269809,35.46830328408443,32.26737865822989,34.00550012447136,714
2024-08-30 11:20:09.693197,42.77234928710566,47.906412192357955,38.66082562416095,45.75680377820243,141
2024-08-30 11:20:10.696172,28.08324488518601,29.47391448523798,21.079525353035077,22.72379931461292,515
2024-08-30 11:20:11.698334,55.68054824837725,64.07301308282142,53.289767272591384,56.56771747870184,524
2024-08-30 11:20:12.700737,96.29595355964344,96.65982624253476,92.74968024965922,92.95127527065527,741
2024-08-30 11:20:13.702419,33.721437923324004,35.19381710428044,29.453667770889258,30.5365825250986,520
2024-08-30 11:20:14.704101,99.23723760516015,107.90114079591088,89.61027265464581,91.07633168974527,623
2024-08-30 11:20:15.706174,91.77758812100986,101.18608273382367,88.07833535292606,95.60393175562908,85
2024-08-30 11:20:16.707765,80.89686301132288,82.47896390933765,78.46804818234787,81.59661556489809,935
2024-08-30 11:20:17.709688,86.96312062352114,89.72977772688634,86.02603004387116,88.0463445375487,428
2024-08-30 11:20:18.711894,96.51635592326564,98.78996061391022,96.31115175113973,97.4789535711285,19
2024-08-30 11:20:19.714634,7.66936966471966,15.783411344475489,1.3860983553353154,6.0412869291021085,260
2024-08-30 11:20:20.716862,18.80465585445603,21.98223533501062,13.9108480589022,19.554279742145606,930
2024-08-30 11:20:21.718938,45.447570942379514,46.18869533410143,44.48959097358069,45.91711486851266,597
2024-08-30 11:20:22.720947,46.90697009307454,50.32034667705892,43.76840940038038,44.29765817761327,913
2024-08-30 11:20:23.723255,91.03407683444806,91.86468727331481,86.61579147731901,91.63062875273295,622
2024-08-30 11:20:24.725344,20.420602894565178,20.595384855125598,19.775952722993097,20.310143703187496,31
2024-08-30 11:20:25.727368,98.00507768006885,106.35967276490345,89.57187409110688,97.97189204190173,573
2024-08-30 11:20:26.729195,51.100786774248974,56.815345095277756,43.642460365111546,44.71268966293916,736
2024-08-30 11:20:27.731572,19.739878048132354,24.32009924531275,9.865823081159279,19.36932902799393,297
2024-08-30 11:20:28.733538,94.00360518997608,102.76315879194134,92.02869910074115,92.0530892453725,75
2024-08-30 11:20:29.736043,21.816545542141697,23.328779699786335,20.66165207451482,23.0874628140755,309
2024-08-30 11:20:30.738064,63.831408412655634,72.15209090708089,63.525673929279876,71.64186400678854,331
2024-08-30 11:20:31.740107,6.816754714131312,12.553036915247104,2.18657074588464,3.703991910643375,482
2024-08-30 11:20:32.741695,6.197290033178393,13.090364386978031,2.2215059923986766,3.023328135521444,333
2024-08-30 11:20:33.743450,11.208741216167684,20.074091763466438,1.6852795276855161,9.128846662690371,259
2024-08-30 11:20:34.745729,51.639926784437485,59.594923458047404,44.820619069771055,45.1837085218258,793
2024-08-30 11:20:35.747997,38.20202850843817,40.706125439645014,34.843330673383846,35.847982315695305,872
2024-08-30 11:20:36.750430,39.14877915501154,45.765045164394984,30.742784904840388,39.05702214403329,7
2024-08-30 11:20:37.752571,30.33897246434337,35.26855481283822,24.995657133085,34.53186162221221,866
2024-08-30 11:20:38.755012,58.840157531269966,68.65321799753524,54.87114844415636,65.8977056770083,566
2024-08-30 11:20:39.757360,11.588215104569166,18.828646614132026,6.154982563610026,9.740801468229979,958
2024-08-30 11:20:40.759261,16.895578097383044,19.531562959524578,13.680311640125216,19.234752536008884,250
2024-08-30 11:20:41.761078,19.616525230812854,21.304529257270552,18.803113397531217,19.820477396711507,307
2024-08-30 11:20:42.763810,27.668453809764713,37.40072745370858,24.30574510743435,29.40130331781107,83
2024-08-30 11:20:43.765782,82.34697101518162,91.97752169523287,81.15655896808828,86.7758944998259,689
2024-08-30 11:20:44.768449,16.468067927054143,22.323598530728994,12.557751277662213,21.17862833999755,672
2024-08-30 11:20:45.770620,90.60859620923877,94.10124282003352,88.56198185293702,93.42062781626666,829
2024-08-30 11:20:46.772848,86.00887192574655,92.06252216574347,77.58797692743416,84.00020438324451,607
2024-08-30 11:20:47.774735,68.98938005487246,73.12221734282993,62.48966803071097,66.05130684285403,754
2024-08-30 11:20:48.776842,70.88033640142028,77.83353139660069,61.57212781711316,75.7473162967745,747
2024-08-30 11:20:49.779459,35.427835767106416,41.06367060538461,31.63253106807864,36.88324629498092,902
2024-08-30 11:20:50.781212,93.20442262253383,100.2324853642685,83.58229649283153,89.48317482165137,942
2024-08-30 11:20:51.783558,87.26879693375953,89.06453442025634,80.09654652776024,80.2942658586573,791
2024-08-30 11:20:52.785514,25.54662608330508,32.42562746192804,20.396521727530917,31.94953094785572,118
2024-08-30 11:20:53.788110,41.71457007408671,50.38595190601492,40.47214150891316,49.60592959492056,697
2024-08-30 11:20:54.790273,5.204183160892795,14.691364472009106,-2.847617261856824,-2.4683480534712934,441
2024-08-30 11:20:55.792706,36.531707296430625,45.36708337068699,30.5869940987769,45.302212132708,451
2024-08-30 11:20:56.794560,29.102092450608865,35.79555918434849,21.507510070870577,34.14074733344782,751
2024-08-30 11:20:57.796377,78.19583738562586,84.36081837272314,77.41582746769414,81.03499658233326,579
2024-08-30 11:20:58.798629,20.466962760822437,20.966870586441825,11.91372100398399,13.529063870909726,132
2024-08-30 11:20:59.800687,55.89994356783684,60.26722844767584,51.768865517289925,59.45441572289178,510
2024-08-30 11:21:00.802510,13.645715409985904,16.545872739283105,8.079750899187772,13.832969770495108,735
2024-08-30 11:21:01.804888,56.89199132980125,57.0857120341819,53.54221297910438,55.03168500230657,135
2024-08-30 11:21:02.806799,18.165299008469283,26.072545063661018,17.199808015768326,24.509233757512124,381
2024-08-30 11:21:03.808831,8.110875908853,9.405347316137995,6.136494222523137,8.958013122423349,235
2024-08-30 11:21:04.811095,37.118239836420805,44.85779272895773,27.34179559565738,41.45708351112302,333
2024-08-30 11:21:05.813019,44.52645266703509,50.09900097075514,42.37906860963071,47.38496520237572,311
2024-08-30 11:21:06.815229,29.33520193598079,39.266867828166156,19.407852237493035,19.99101034912262,167
2024-08-30 11:21:07.817276,48.21835078982072,55.82231855929568,42.055082982690465,55.01944591006223,326
2024-08-30 11:21:08.819954,73.94638501029169,83.04704504424625,72.66449466324396,80.49717065265193,31
2024-08-30 11:21:09.821839,45.93712083904637,51.29567873554524,43.2149126073893,48.4813434908819,326
2024-08-30 11:21:10.824088,90.37901822394645,100.29282289189993,88.72384701510492,93.71257129267411,597
2024-08-30 11:21:11.826633,12.337019527695459,17.38600835157182,7.256947603815864,10.020501413525167,118
2024-08-30 11:21:12.828349,99.48921204833977,107.69184948059181,93.37773014383106,97.13857896276792,773
2024-08-30 11:21:13.830412,41.04349596191105,48.40970823312368,37.38055218231671,40.97568399099362,570
2024-08-30 11:21:14.833406,81.76063730800401,82.10566183511192,72.26516170679328,78.92047321652937,792
2024-08-30 11:21:15.836040,13.962805820625302,17.103018839426625,4.667890245151067,5.979531441589723,188
2024-08-30 11:21:16.838285,23.60501850763853,23.85932173370297,20.854155946877178,21.939216152137554,233
2024-08-30 11:21:17.840354,77.80448290317193,86.11491816918954,74.23554548647728,75.70374804267993,941
2024-08-30 11:21:18.842694,3.9120833780698305,6.89644226605235,-2.3968472531401144,6.265117424161696,224
2024-08-30 11:21:19.845108,2.0325668284856935,5.2147890370614824,0.8958267010926046,4.7310619754252,289
2024-08-30 11:21:20.846628,60.06380480056266,61.66889298346398,58.12820450601022,59.465328688807624,850
2024-08-30 11:21:21.849382,84.02146391598542,92.57071146686675,77.62960488567064,84.20933587745935,666
2024-08-30 11:21:22.851466,12.432036932379098,19.679985727792683,9.211760622295404,10.81933368450878,371
2024-08-30 11:21:23.853610,39.736919380652715,43.67590019655212,31.03837540891931,41.703864225568495,521
2024-08-30 11:21:24.855448,55.47393625085174,62.922743218558914,47.26825822377053,48.900525861557114,525
2024-08-30 11:21:25.857330,47.567202558459584,48.10027154784054,43.51583319247453,45.1028161908731,972
2024-08-30 11:21:26.859274,13.616730158733525,22.67428579431248,5.877910676847737,18.62759095178999,829
2024-08-30 11:21:27.861852,65.55700749017068,66.3777643284134,64.95998695358125,65.40567526668167,735
2024-08-30 11:21:28.863937,5.65245848849939,10.006738171071898,5.476280078983057,9.128913427838237,756
2024-08-30 11:21:29.866204,28.85660067940181,32.49409900427958,21.117344254661884,30.60714780021327,898
2024-08-30 11:21:30.871519,98.18691614329754,99.08480294465849,94.90187375643991,97.50457835491218,475
2024-08-30 11:21:31.873590,29.470260319094955,38.448135144806194,26.795622260643697,32.706720211201244,588
2024-08-30 11:21:32.876463,96.52543237100268,106.48276832409248,92.57631678820007,96.6526612456315,125
2024-08-30 11:21:33.878656,77.765706331818,85.70615892457661,70.6369596474638,78.32299703404486,378
2024-08-30 11:21:34.880697,49.499052318349534,50.658663634581835,48.87616170867246,49.170966392596824,539
2024-08-30 11:21:35.882726,69.68285882794929,76.05798419442365,68.6478310869854,72.68665951105939,912
2024-08-30 11:21:36.884750,46.66970977966135,55.443309385356415,37.48844998124353,44.339147556253664,45
2024-08-30 11:21:37.887112,96.62623959399289,106.33782896346926,91.17737375337362,96.67510583612565,552
2024-08-30 11:21:38.889124,33.94423714093248,39.1047290804553,27.325305596875882,31.24645620858298,488
2024-08-30 11:21:39.891214,34.46572719794867,35.06833550752664,30.418109860800875,31.567836866791186,988
2024-08-30 11:21:40.893156,85.59309740340039,95.5430200815077,75.73725366074464,80.27324554660039,425
2024-08-30 11:21:41.895542,96.06560901069636,99.91159925553917,88.55788176542144,90.60185439287521,718
2024-08-30 11:21:42.897765,50.91081096516559,59.453478880244035,42.911423732555605,55.87730092895633,30
2024-08-30 11:21:43.900019,43.937691109428975,53.76389078443974,37.85798281396998,40.15014097137693,701
2024-08-30 11:21:44.902774,32.28073939194661,34.600208314361076,30.5917735150517,33.05150553439154,482
2024-08-30 11:21:45.904985,66.0992132776166,68.8093386074861,58.08592909868118,62.63792830283618,462
2024-08-30 11:21:46.907730,88.20628755521834,90.73194845113152,78.99445736190164,86.79900226543556,547
2024-08-30 11:21:47.909381,62.94090749036443,63.06241466575834,58.87543689391474,60.359575680232204,459
2024-08-30 11:21:48.911570,96.57324467369898,100.0553266752011,91.35107894245691,98.95283392176424,849
2024-08-30 11:21:49.913556,19.586714309472363,26.644710771675992,11.565408919540323,21.798269911002542,627
2024-08-30 11:21:50.916197,79.65317092307038,80.89827089100167,75.86348698109518,80.06244917427752,565
2024-08-30 11:21:51.917846,7.964164940175644,8.63549186546556,-0.48081945320044817,5.087591227395853,749
2024-08-30 11:21:52.919480,46.04304209606781,54.97979429715757,38.54822040083348,49.10385369163583,401
2024-08-30 11:21:53.921457,92.49962948076296,94.80095067688966,89.53067302784582,91.60070334549486,544
2024-08-30 11:21:54.923602,52.6769043192165,62.04766846903904,51.59165652851966,56.45576570071171,403
2024-08-30 11:21:55.925795,92.30725081650971,93.18564598594891,88.48645124106704,88.6791123665518,848
2024-08-30 11:21:56.927967,3.8269873195158066,4.60742812317558,-0.4882101607336491,4.512856383513582,844
2024-08-30 11:21:57.930197,83.60745289441978,91.70586389933095,75.4486664292319,77.19632873921879,860
2024-08-30 11:21:58.932304,47.76730981074415,57.72529027610309,38.127485683378126,51.7861329331847,732
2024-08-30 11:31:31.335552,71.62844708396553,81.49606367206637,69.77351572420694,72.79287801416952,895
2024-08-30 11:31:32.400409,16.752468830361146,19.03818532642956,8.079625393310046,11.728599195331617,963
2024-08-30 11:31:33.428244,42.348863607563224,51.38658844142728,34.04899700700838,44.08957264589818,585
2024-08-30 11:31:34.454947,60.10520137757064,65.05948268504387,56.67527298696529,64.94918111765796,464
2024-08-30 11:31:35.456583,24.918646520109288,26.320106197359667,22.823250221908012,25.681194540380588,50
2024-08-30 11:31:36.458582,86.17028493216911,89.1084727646001,84.65499347115166,85.18172458080642,853
2024-08-30 11:31:37.460234,6.233846442363189,9.461456183022666,2.0870377070692685,6.513751588280399,618
2024-08-30 11:31:38.462194,43.23051969113406,45.67052984161269,41.39279258059372,42.53039697871474,719
2024-08-30 11:31:39.464242,13.87179064886903,18.83251951640613,12.097436999771448,17.275493832271373,133
2024-08-30 11:31:40.466705,40.22018370557412,42.83174093379469,34.00579155068882,38.40126500500929,97
2024-08-30 11:31:41.468523,22.64270389262475,31.10690757298437,21.977412246233836,23.006172328461485,555
2024-08-30 11:31:42.470042,57.22354116244174,59.0458414600013,50.99236730163606,53.73855015478373,28
2024-08-30 11:31:43.471997,82.54690220221511,85.36912605712644,74.3535200104843,82.69210765957816,120
2024-08-30 11:31:44.473816,36.35015561399493,38.05707294366758,30.876044552365922,35.747601108265414,324
2024-08-30 11:31:45.475910,9.694800204646736,19.03881361467194,4.016496541765314,9.909088147123114,388
2024-08-30 11:31:46.478999,43.869310730709856,47.0987218687485,39.69311923725192,39.97972461480343,628
2024-08-30 11:31:47.480890,72.94231298102164,78.05174499476355,69.29273828736636,71.23842036092378,931
2024-08-30 11:31:48.482909,21.199442175922634,28.071230189076523,20.036376521140877,24.54003134619275,484
2024-08-30 11:31:49.485243,44.952064696890616,52.491705852770664,44.89492979962629,50.558887338937794,841
2024-08-30 11:31:50.487160,54.411238726477066,63.62512526563991,48.20797982654077,61.78894364240981,597
2024-08-30 11:31:51.489070,67.01799621286271,73.10698807529222,62.24893783026472,69.0367018208014,129
2024-08-30 11:31:52.490787,13.908521151801212,17.865001379359374,11.837294456747792,17.78210914191155,481
2024-08-30 11:31:53.492530,81.47826830523235,87.58855878012254,72.75157131914351,80.71696570997103,574
2024-08-30 11:31:54.494107,86.07515883096967,87.08923236956154,84.22721805671836,85.8844911102133,865
2024-08-30 11:31:55.496137,5.340065234772928,7.2940315573507455,3.60471119536654,4.27263430323265,129
2024-08-30 11:31:56.498180,27.79915169733832,37.50030018007937,22.68014358894354,29.07360114306559,270
2024-08-30 11:31:57.499954,43.05400555645088,50.30504772118776,34.67474019132353,47.965932183408896,171
2024-08-30 11:31:58.501854,85.57891872368997,85.72936985364865,84.93489209872163,85.46457088041551,797
2024-08-30 11:31:59.503997,54.525142948709316,61.82642423993668,52.00446554848217,58.22213210914009,528
2024-08-30 11:32:00.506316,12.56943691780702,18.560991633953883,11.578092771816817,16.62807603039576,56
2024-08-30 11:32:01.511023,79.05656289088702,87.97078058897041,71.41829435100114,73.12284045641535,884
2024-08-30 11:32:02.513204,57.07426328487168,66.0985842807712,49.21397359146614,65.64948832081836,739
2024-08-30 11:32:03.516198,34.956078476004336,42.7596485846116,34.9030171402921,41.729674642121154,243
2024-08-30 11:32:04.519376,25.793679210212716,27.355865848950472,17.746451150822857,22.38306430364003,765
2024-08-30 11:32:05.521110,37.07771418074539,46.84049135110004,30.01082850671043,44.53204254722548,144
2024-08-30 11:32:06.522860,81.56606709001807,84.89018650122303,73.90193761235012,81.98019031564534,659
2024-08-30 11:32:07.524625,70.01495118361773,78.78380488285605,64.34426586894133,74.43597598469975,153
2024-08-30 11:32:08.527408,50.11462554789395,51.362441020332895,46.057254451571836,46.098782585306026,83
2024-08-30 11:32:09.529828,92.10721331028726,99.35704270406043,86.55134635535012,97.32571862378724,855
2024-08-30 11:32:10.531726,21.369333472352913,23.3728958166389,20.122741037258912,21.89352982743668,384
2024-08-30 11:32:11.534037,68.71590752364082,75.71095843738092,66.00399836020071,66.05750507021865,215
2024-08-30 11:32:12.536371,54.210342651225396,62.15701667835981,45.37859947825733,53.726594569389775,769
2024-08-30 11:32:13.538266,90.82183690837974,91.14777491327413,83.45076662630365,85.62024001594772,212
2024-08-30 11:32:14.539939,50.529196316993655,54.789767822699694,47.59521811364249,48.037128138599385,663
2024-08-30 11:32:15.541948,56.74767580391994,60.03427189735359,51.95800238586636,55.53146277952789,762
2024-08-30 11:32:16.543903,22.36936833280142,24.194075457699366,14.201276521642257,20.454923407123044,210
2024-08-30 11:32:17.545809,43.10592089100216,52.31950368275193,40.843727924721904,43.6490303245161,535
2024-08-30 11:32:18.548255,49.26061653700167,51.702788466624554,47.164225879613085,47.74771600505927,987
2024-08-30 11:32:19.550802,97.6454406986292,100.825546842243,95.23340092066137,97.28275180508035,870
2024-08-30 11:32:20.552697,86.23415691806402,89.0398155955877,83.89839380307804,85.35840335595117,647
2024-08-30 11:32:21.554670,79.05853915331772,88.17512348845815,73.56105950373257,79.5685433872055,742
2024-08-30 11:32:22.556823,20.526781702524477,27.766731345008544,17.073215528760393,24.066825387983577,602
2024-08-30 11:32:23.558798,16.931304814426205,18.098427390649306,9.191003569780824,14.859016594356394,165
2024-08-30 11:32:24.560938,70.72743329458035,71.09252639207108,64.05690725106305,69.13134699996057,611
2024-08-30 11:32:25.562978,76.42611902036587,86.04837689534222,76.10972357233577,80.65919981557089,78
2024-08-30 11:32:26.564409,19.236277750657603,26.95853792554353,14.876861226597054,16.36884857848547,518
2024-08-30 11:32:27.566704,94.47295281943121,104.04870820380516,87.2806617863445,87.7620957171604,807
2024-08-30 11:32:28.568559,82.63957831282129,86.9028904921315,80.8740581501414,85.30013157722388,456
2024-08-30 11:32:29.570296,77.96471794227577,78.56863998352429,68.5799894853959,73.91376010743168,760
2024-08-30 11:32:30.572352,16.21270042556744,26.072153716659763,9.42309781432878,20.751334186506035,649
2024-08-30 11:32:31.574328,87.90099224107082,94.95939599354102,78.65239439845065,93.19246577400678,540
2024-08-30 11:32:32.576367,19.447731968107252,25.355652535309968,13.147397699178654,16.456267659684155,963
2024-08-30 11:32:33.578165,27.536125879454822,35.40434982210571,23.734724822727415,27.031588343574153,490
2024-08-30 11:32:34.580115,78.98353097172098,88.4742776044157,75.7320288970493,83.54383301279898,246
2024-08-30 11:32:35.581953,69.52989811299385,74.21896828741296,69.23539817028163,72.54443142350172,495
2024-08-30 11:32:36.583532,87.66468883826049,89.87570831269731,79.81092316214719,84.7735334503746,343
2024-08-30 11:32:37.585501,58.80889779057055,59.162614033849394,51.76576453148175,52.754444092789434,93
2024-08-30 11:32:38.587237,52.01425162053215,58.156386209827815,43.02783944010878,46.92592480037183,395
2024-08-30 11:32:39.589264,47.8378007672768,50.7949506301882,45.801702444452715,50.70653749938388,147
2024-08-30 11:32:40.591010,27.90487356120408,33.38335545830488,24.010598028301775,28.724372108605344,83
2024-08-30 11:32:41.592735,72.00378376850858,76.5586646698057,68.6556288983846,74.97689064052587,24
2024-08-30 11:32:42.595092,82.48010182229977,89.77233570861054,78.58203148875376,88.44158224975361,92
2024-08-30 11:32:43.596794,17.159327904880172,19.245101135344626,12.371835929864194,15.882696827449447,753
2024-08-30 11:32:44.599029,85.09907342619714,87.8022455590641,77.56871153816536,78.96385620444293,594
2024-08-30 11:32:45.600942,90.03023900134792,90.1556351847718,84.91197515619166,89.10510734692845,63
2024-08-30 11:32:46.603404,91.25492156740921,91.27190003603559,87.59729049194472,88.19330046272444,416
2024-08-30 11:32:47.605306,74.5450490011911,75.4352241389494,67.14005066244378,68.51907089233268,39
2024-08-30 11:32:48.606842,21.220628753648974,25.697104941251226,18.06197225798897,18.127852566773214,575
2024-08-30 11:32:49.608440,60.074832997659,61.649279523258095,50.88143868710246,52.77779717160225,445
2024-08-30 11:32:50.610053,81.66747498515204,83.98846541434966,71.69471326401586,78.30582371340749,438
2024-08-30 11:32:51.611677,20.427318132469697,25.95935198682627,16.73370643190048,20.506277782892308,734
2024-08-30 11:32:52.614076,6.433039927263651,15.381615235453868,3.519431027030595,5.668660208923521,599
2024-08-30 11:32:53.615926,26.593442167370906,33.78861239433983,21.808563611406953,27.587312518513247,305
2024-08-30 11:32:54.617733,68.66792076453245,68.96382862999057,59.314196945061965,62.26819550297711,503
2024-08-30 11:32:55.619308,83.76957085030259,92.76582150185536,75.21238111354756,82.80731626840067,397
2024-08-30 11:32:56.621092,19.87348460928532,28.0297108960657,9.894195110193925,17.567510595968358,235
2024-08-30 11:32:57.623279,65.58554749907762,65.75656409524423,65.31825623072501,65.54866826933575,354
2024-08-30 11:32:58.625062,79.08732275955896,79.81763622511251,76.64333652830513,77.82991927836582,350
2024-08-30 11:32:59.626791,75.50851405069824,81.30913031059418,70.23905008943575,80.85584605303787,811
2024-08-30 11:33:00.629053,84.62711612313694,90.49777358269483,82.34739385019154,85.88704257921219,200
2024-08-30 11:33:01.631856,95.05726783108967,104.44242097418889,89.223994293986,95.38202791049888,638
2024-08-30 11:33:02.634031,20.7377239711913,30.468475380638388,14.594917878162104,28.385115421427415,858
2024-08-30 11:33:03.635803,26.20877260555644,32.503273979190354,21.164026357642086,26.144490560528126,864
2024-08-30 11:33:04.637714,96.9285892498911,98.72190897364605,89.68698220782144,96.0563805563199,465
2024-08-30 11:33:05.639843,18.309079442633536,18.674131539073983,13.681730812024956,17.878211537423667,885
2024-08-30 11:33:06.641648,25.977456774393925,29.73036339656809,19.380920958754235,28.775440182328648,274
2024-08-30 11:33:07.643547,52.72763979034741,57.28904813920336,44.83282469332927,47.69298316339113,508
2024-08-30 11:33:08.645564,95.87891355416586,100.92427033823886,91.65144950241972,95.36229587532642,479
2024-08-30 11:33:09.648006,23.174517999126497,30.21685632037086,18.14339065708711,21.47318892435912,730
2024-08-30 11:33:10.649962,59.2986637844913,67.99981870985835,53.235383981587596,55.98031748489163,903
2024-08-30 11:33:11.652026,82.1146086229946,86.95434864051396,80.41765023531926,86.28328244021037,852
2024-08-30 11:33:12.653770,94.28150217000852,101.3219232189747,84.30764337772914,95.7934213770645,659
2024-08-30 11:33:13.655931,22.402051005307587,31.04525488169966,16.031614216686187,28.429247344666436,846
2024-08-30 11:33:14.657639,42.9491297354067,45.269367276227584,42.44844975704755,43.210909423636345,524
2024-08-30 11:33:15.659634,89.50099523578396,99.32283451706222,80.47744693697194,87.64949949409386,128
2024-08-30 11:33:16.661492,55.646050315573525,55.708738942819146,53.7422428610949,55.692874076303006,550
2024-08-30 11:33:17.663447,2.5221095286562245,6.332574993289642,-6.240814506524838,6.2228206759022715,652
2024-08-30 11:33:18.665570,88.55185652150845,91.67656724421889,86.08499665302536,91.39523958476784,446
2024-08-30 11:33:19.667510,40.70382638989201,45.096091175936465,34.08526753120012,36.28571953446533,290
2024-08-30 11:33:20.669142,58.29605363235919,60.61196759240443,55.294350358905625,58.97281420438416,80
2024-08-30 11:33:21.673553,25.037895387138732,30.17002458176883,18.43034133323448,24.050814590025183,829
2024-08-30 11:33:22.676279,90.69104915930325,98.52426665606734,87.81748725179395,88.95580892918053,960
2024-08-30 11:33:23.678382,94.73357166486457,102.41074924756796,92.12214603563527,101.51368255373482,702
2024-08-30 11:33:24.680181,14.38203208599007,23.396152806337156,11.155729506013587,22.635861063950305,261
2024-08-30 11:33:25.681907,95.11283893575937,104.50575846590296,86.1176381640471,93.07306901829512,290
2024-08-30 11:33:26.683940,47.57885204977125,49.18018105521331,40.39726457750389,47.08216367793308,775
2024-08-30 11:33:27.685697,82.55511036047626,84.45051036702748,81.75327206642827,82.13510409499645,133
2024-08-30 11:33:28.687704,99.27051871172262,105.25125216115396,94.61822432805428,99.58320813858379,486
2024-08-30 11:33:29.690151,76.73730613589794,79.17595149831409,76.17720772976216,78.99001066089214,640
2024-08-30 11:33:30.692059,55.93431200214351,64.74273778909145,51.01179332131183,53.54782679142213,85
2024-08-30 11:33:31.693673,99.81824934455584,104.76747320592025,91.14369867868811,99.33925889805784,560
2024-08-30 11:33:32.695289,32.16477470898458,34.8062939328524,28.935185938133415,34.57301752616609,850
2024-08-30 11:33:33.698159,12.961906648077948,13.327464517920767,7.60102196498943,11.02125953934396,827
2024-08-30 11:33:34.700389,4.421845237097632,8.990071847089153,-4.402592518920069,-1.6677473942680803,876
2024-08-30 11:33:35.702449,83.92293979784046,89.33829570169316,80.56393731228552,84.35362628431487,449
2024-08-30 11:33:36.704059,76.00069684441112,76.38774863314723,66.32525056961431,71.54942089110119,529
2024-08-30 11:33:37.706731,16.443316936047424,24.376277111566502,14.404702193083313,17.254011827635743,172
2024-08-30 11:33:38.709187,42.35727197654698,50.183697820682944,41.89662624089255,46.1959978731461,588
2024-08-30 11:33:39.711283,13.95592379018411,14.408686072148475,5.203437424054231,6.438457571404325,970
2024-08-30 11:33:40.713180,32.65708399340797,34.742564735126706,30.931863820263043,31.678624833941456,723
2024-08-30 11:33:41.715155,2.240590387599073,4.204425520614812,-4.988658925557065,-2.168339464590937,249
2024-08-30 11:33:42.717064,26.587572398064495,36.2078160781155,23.261595961339083,28.495381100754035,192
2024-08-30 11:33:43.718732,83.51187991051027,90.74313366523789,77.62095775500832,85.64314739113384,441
2024-08-30 11:33:44.720601,75.25630320647079,77.37981602891058,68.80676113679861,69.0235117242825,431
2024-08-30 11:33:45.722648,50.837694957825065,56.647974671564704,47.64607586741547,47.88262153601039,401
2024-08-30 11:33:46.724658,23.803698437364098,31.57247103274097,23.40930280201316,30.353708772175786,154
2024-08-30 11:33:47.726334,45.69711352206022,47.60914275961344,40.99767953006453,44.520235216532235,813
2024-08-30 11:33:48.728132,50.95337996966497,53.447721712572914,47.859296596070344,51.96161343616215,757
2024-08-30 11:33:49.730307,70.42192713167191,74.76832531269618,69.81495847521896,72.5143665396736,182
2024-08-30 11:33:50.732029,64.11967726511274,71.85039330187143,58.17264283487148,68.398245579514,165
2024-08-30 11:33:51.733783,12.94011550139279,15.177480251203514,3.2630156314479795,13.828375074502114,470
2024-08-30 11:33:52.735581,93.83666051252415,94.84214878785956,85.43077861072203,91.47100552658792,3
2024-08-30 11:33:53.737944,14.723135019940692,22.548495836470693,5.5403975159481735,17.46918016355967,191
2024-08-30 11:33:54.740411,29.82051026789693,34.67056900221421,25.32348034368641,26.26218328518843,609
2024-08-30 11:33:55.742706,92.46968565654022,98.09780306105101,84.94770426250719,91.53922390487597,10
2024-08-30 11:33:56.744430,67.96447945752199,70.62693118249369,62.629021415944855,66.0875768207896,141
2024-08-30 11:33:57.746502,3.437736342600084,5.583823789316142,-6.357756200757139,-3.06809765085066,820
2024-08-30 11:33:58.748727,58.67492927448828,61.86191626658345,49.61124487703905,55.59123257366314,540
2024-08-30 11:33:59.750198,96.53350382968316,102.66938190367617,86.75113410216031,90.4640232584697,177
2024-08-30 11:34:00.752236,70.93033672832895,78.46008785944093,61.74723150355375,77.75018345356843,685
2024-08-30 11:34:01.754278,5.103709957850655,14.12081538703001,-2.452914331900595,-2.1171332893118504,660
2024-08-30 11:34:02.756137,51.31835924145592,51.710172547293986,49.649267319102435,51.48117047626652,840
2024-08-30 11:34:03.758086,74.06546735482739,80.5121282106309,72.9754590682589,75.55829064027813,133
2024-08-30 11:34:04.761017,78.63201460233721,80.0996756827756,70.00309082496244,75.08447337246044,73
2024-08-30 11:34:05.762963,12.00767692220891,12.567997875228546,8.98762586580806,12.545694840987343,112
2024-08-30 11:34:06.765412,72.60918566850899,73.87138916602943,68.89030957249274,72.92290633016925,358
2024-08-30 11:34:07.767324,94.6001372043637,98.11189443495752,90.0352702603466,95.67988613403254,933
2024-08-30 11:34:08.769036,24.518110686938954,28.153982436688107,17.576971703095975,21.35926057025907,956
2024-08-30 11:34:09.770972,6.0419324310656775,11.493396930367108,-1.2050801280293424,3.3636108309254604,571
2024-08-30 11:34:10.772783,71.58118778127316,72.39553347955402,67.96469905101947,68.29980864177924,371
2024-08-30 11:34:11.775178,46.72479512568179,50.84311302276569,41.283258883707,44.07122594841262,180
2024-08-30 11:34:12.778528,51.25243901498906,52.083534109450774,42.52146790786542,50.80396780390223,354
2024-08-30 11:34:13.781057,42.812071489655125,45.537409420996966,40.239579513533236,45.3294695102437,784
2024-08-30 11:34:14.782950,59.68127847945468,64.18635016989411,50.460263172891075,54.34220843258548,585
2024-08-30 11:34:15.785873,88.88379274766154,93.52422619254118,80.91394745479528,92.76233104850327,548
2024-08-30 11:34:16.787546,88.9157096237882,95.06599044460336,82.11387206623229,93.94340654861536,343
2024-08-30 11:34:17.788935,12.230847567230718,16.324453111848072,12.01618156930777,12.82208453196763,179
2024-08-30 11:34:18.791090,14.123395542957828,21.511743227075968,5.615607916512577,21.30452275301743,918
2024-08-30 11:34:19.792948,6.080595705902403,11.4709276942259,3.5714481561429725,9.997629488706842,605
2024-08-30 11:34:20.795568,86.94313000709006,87.3172910393147,80.29032458518795,85.49496591903913,784
2024-08-30 11:34:21.798302,30.882730356866173,33.25365866130276,28.284118799338653,29.072743615993637,818
2024-08-30 11:34:22.806892,42.302644696341,43.756012645615485,37.494012803095195,38.65099892458915,140
2024-08-30 11:34:23.808869,63.56438986113123,66.03837760938244,53.848113707714724,57.81368431702259,699
2024-08-30 11:34:24.810550,74.92240264904945,78.71678652213456,73.7610175421496,75.01238175310382,606
2024-08-30 11:34:25.812278,35.32474511483442,37.350062004810965,30.550355960111688,31.11308676230917,624
2024-08-30 11:34:26.814680,41.43565023945048,44.69045970280957,40.39789003889822,42.1647525681286,465
2024-08-30 11:34:27.816448,56.39519297777483,56.610968388076735,49.20907508656126,53.347174029048844,663
2024-08-30 11:34:28.818278,93.65139525343753,101.54245995569221,91.79042919167136,94.53908438396607,577
2024-08-30 11:34:29.820405,47.88384335399791,50.84560761166171,46.41659197277903,48.59609697217818,272
2024-08-30 11:34:30.821972,91.51822429908924,101.32447500523199,83.27469111390371,86.39910380697714,873
2024-08-30 11:34:31.824115,95.38682227696667,103.99073110066217,95.0514131137911,103.81873503086858,580
2024-08-30 11:34:32.826521,36.50340320790426,44.25588427230578,35.62447666263446,43.82242091578311,542
2024-08-30 11:34:33.829000,52.750374507103004,58.25044818077822,48.34648038287365,51.87217594807768,146
2024-08-30 11:34:34.831423,23.120492948318695,30.240173298978785,14.03307250877284,23.999089412967194,51
2024-08-30 11:34:35.833279,24.00037071367406,30.92923459090751,16.590492086385105,22.309017900693448,747
2024-08-30 11:34:36.834706,51.318113515167305,59.08773077107496,47.29721964515652,58.54703984356654,467
2024-08-30 11:34:37.836745,71.19316868475399,75.44009140727684,64.76850448276947,70.45924470226407,178
2024-08-30 11:34:38.838957,11.980231395389607,16.581786064017216,11.3714909047806,12.73648115514398,946
2024-08-30 11:34:39.841046,65.98186953241984,74.3777731280683,62.39904848515102,63.73926175094079,829
2024-08-30 11:34:40.842658,79.86704200218715,88.10360396524358,72.54408465968658,86.01618354820006,263
2024-08-30 11:34:41.845546,78.77275947044704,84.60446827995929,69.46169585866464,76.20634441165735,930
2024-08-30 11:34:42.847615,15.28365396660405,20.272015236476996,12.95714470783706,16.918871773271576,719
2024-08-30 11:34:43.849531,44.5189401370249,48.801299584361644,37.70005200937553,44.21295689349243,309
2024-08-30 11:34:44.851174,38.4325475345495,46.882882124880176,33.078844858949346,38.7427369548958,796
2024-08-30 11:34:45.853273,23.22990829899638,26.792904930930796,13.759866677146718,17.856650423184487,254
2024-08-30 11:34:46.855337,94.22918455692016,102.76655391096416,86.10241000265177,98.7895456854688,811
2024-08-30 11:34:47.857557,78.05343411820654,79.77260373386264,68.5504174292091,71.72593341542935,451
2024-08-30 11:34:48.859591,6.499201667548704,6.986880159242764,3.601571878004301,4.7919398533657125,983
2024-08-30 11:34:49.861467,73.43882723921192,78.20778088810435,66.20603780024415,69.59596106749957,988
2024-08-30 11:34:50.863201,66.92483801796372,70.98931163389064,63.890414926599185,66.25283150676402,393
2024-08-30 11:34:51.864980,70.31515795280569,75.33804271659493,61.265108781823926,67.28857359190329,201
2024-08-30 11:34:52.866738,38.55013859806981,42.74593945346375,32.980585442036194,35.23753450232333,685
2024-08-30 11:34:53.868394,87.98480640256165,89.82684878307737,83.24288744276544,88.32684087442321,470
2024-08-30 11:34:54.871121,41.003842882449945,49.903374355547086,39.54274745560702,49.095888910012434,762
2024-08-30 11:34:55.873348,86.68394256735868,88.00993051509248,78.46972127793164,83.33242167499566,425
2024-08-30 11:34:56.876177,89.45372418942384,96.73662453118295,86.27016195809986,93.13207936268967,606
2024-08-30 11:34:57.878196,70.81050282716407,73.55110195663117,62.68762826633936,65.94858699588517,983
2024-08-30 11:34:58.879881,98.89915946313398,105.45405028294468,90.96261199997689,99.21969761767855,867
2024-08-30 11:34:59.881785,45.55525990579078,50.57138093781938,36.62952750950406,50.565295100783196,696
2024-08-30 11:35:00.883431,79.41366450539871,84.94867971058716,75.6750186161632,82.20561485105428,986
2024-08-30 11:35:01.885028,84.37635841331421,88.67526617909387,77.43606622158684,86.01988383665156,182
2024-08-30 11:35:02.887415,97.30063420631151,101.13706239094618,96.64209074269321,97.83842070684753,208
2024-08-30 11:35:03.890920,95.17562827765578,103.46177037728242,90.63221690927975,102.7164452608826,181
2024-08-30 11:35:04.893212,69.63708039360296,78.82585935038877,68.35449904094517,77.80222055691873,204
2024-08-30 11:35:05.894895,56.96648288585294,59.113281658496774,48.95602746856423,49.96310571150884,795
2024-08-30 11:35:06.896835,55.11363743022362,55.95357286701884,53.33673009866257,55.700937608547335,755
2024-08-30 11:35:07.898866,26.188068599782433,27.314957317568407,24.25401640314661,26.615931200062587,142
2024-08-30 11:35:08.901235,33.74125748022778,36.02270729347255,28.98924727354912,33.938522523187864,689
2024-08-30 11:35:09.903105,23.851311963847944,28.784096364615998,20.96799532767727,22.344950372329265,367
2024-08-30 11:35:10.905213,46.04025035811187,48.033074403286754,42.72125209996868,42.85976044709868,944
2024-08-30 11:35:11.909252,30.48908143710819,33.78551606446458,22.142219253024635,26.735601766585486,320
2024-08-30 11:35:12.911539,67.69024979599033,76.00946282970929,64.69622671641206,66.25460426710563,879
2024-08-30 11:35:13.913144,73.6700531598607,81.94756654738009,68.6951758474875,80.68162567946672,852
2024-08-30 11:35:14.914882,28.391568052487827,35.23059874195858,18.744918252583872,30.461612776590638,475
2024-08-30 11:35:15.916716,62.84490474207769,68.76303981770778,62.36625626154861,63.97689021667088,423
2024-08-30 11:35:16.918841,97.88733535021902,105.93156800404063,89.4020169279038,97.90096194743543,169
2024-08-30 11:35:17.920912,94.08698341984987,102.85645867080277,86.29977584753264,91.54906739825877,99
2024-08-30 11:35:18.923009,48.81563700015173,56.30922639240408,41.313934895823905,42.25681922874368,778
2024-08-30 11:35:19.924628,54.3217188879123,57.47793238126111,48.49692533902588,57.46562981468403,277
2024-08-30 11:35:20.926590,10.777981478740406,14.401811302543042,5.4924767658272575,10.219888880924447,251
2024-08-30 11:35:21.928263,52.99161823454378,53.82535090945375,45.54246270239524,51.98872509658794,842
2024-08-30 11:35:22.930305,31.960424768324636,36.537305395698056,29.269417962146605,35.80060345224556,374
2024-08-30 11:35:23.932120,61.98721753910863,64.4338561129686,54.885019378384186,60.36738656774902,530
2024-08-30 11:35:24.933603,46.98881572934216,54.89894226762111,46.50625033141542,49.18828199161065,792
2024-08-30 11:35:25.935301,19.889029386872636,28.970820697288502,15.399265255510764,19.407599754538587,91
2024-08-30 11:35:26.937058,34.58098442882578,39.18180386940601,28.856386456091744,38.1981549904136,835
2024-08-30 11:35:27.938854,8.50809704468497,8.620019896949684,5.903384456590521,7.235588380725586,709
2024-08-30 11:35:28.940201,75.68624263401898,75.93106825058962,70.08883836703441,74.8906400971467,263
2024-08-30 11:35:29.941791,70.90021291122542,71.25444414435445,62.40696581020913,66.79274061855965,254
2024-08-30 11:35:30.943349,28.794747686657306,32.91500521793991,24.09605300686095,30.787849398836332,234
2024-08-30 11:35:31.945448,15.885136135385258,24.16342994283484,12.085295996137095,17.359435947123316,704
2024-08-30 11:35:32.947063,78.12038133623649,84.87782492359193,70.5490521651439,80.79904070938936,21
2024-08-30 11:35:33.948793,28.134215501096804,30.22158920516178,23.93888626014966,29.70745319199678,596
2024-08-30 11:35:34.950714,61.98105167801613,70.25850679455458,61.27937129022036,67.98224205369219,197
2024-08-30 11:35:35.952825,74.6945415620439,76.52385621250882,70.88037810564305,71.72884737227025,191
2024-08-30 11:35:36.955483,42.54485547185494,45.17994596814428,41.31505089567759,42.54999573499339,120
2024-08-30 11:35:37.957643,86.61686509838229,88.18388490209298,83.87077222921722,87.095930700358,435
2024-08-30 11:35:38.959587,78.53389553458732,80.03972883905656,73.8829946004373,77.05017372978674,634
2024-08-30 11:35:39.961618,28.73573864483625,38.09856939303708,24.96214995492995,29.158633303027116,157
2024-08-30 11:35:40.963201,8.497873382734877,14.464734139819388,-0.9626450805661193,8.274893282405055,922
2024-08-30 11:35:41.964827,59.75848464807305,61.04577520220149,55.658082001011664,57.37485951333839,253
2024-08-30 11:35:42.966694,97.27647518165712,99.12115895320034,94.68638471958414,96.43777891525964,846
2024-08-30 11:35:43.968383,94.84379240421188,97.96918743782199,94.70542076686297,95.9356156940455,727
2024-08-30 11:35:44.970551,87.4948358515389,93.24118246611343,77.67023597828897,79.90885129556396,785
2024-08-30 11:35:45.972421,31.57611568859536,40.066415702430334,31.19422337233959,39.61027737255004,450
2024-08-30 11:35:46.973991,79.21606070049485,84.7950228676459,75.54044762542016,81.64069906448879,546
2024-08-30 11:35:47.976724,92.15371055325421,92.49023711977988,89.56209511632004,91.46679094706869,785
2024-08-30 11:35:48.978265,93.46294525204624,100.84953423288142,87.5564510542316,89.99699340958115,335
2024-08-30 11:35:49.980165,8.912612042755674,12.829378567363463,2.980007705314505,6.675697910456767,406
2024-08-30 11:35:50.982145,18.581819708009817,20.069417788834595,12.556759154814918,18.14523642899743,178
2024-08-30 11:35:51.984299,91.99237545510351,100.30690031806685,86.38445508899039,98.85734086365403,719
2024-08-30 11:35:52.986167,52.92778358033989,61.2623490775904,45.36368077723177,57.06808212346124,520
2024-08-30 11:35:53.987730,6.03380393318107,9.189718309425928,2.2178966362738373,2.2715399827034504,597
2024-08-30 11:35:54.989728,50.698207936449876,60.01392524873286,45.000841440192076,57.53910848830006,147
2024-08-30 11:35:55.991614,31.078637020481736,41.04371329828999,23.094776607979497,36.78897934357098,122
2024-08-30 11:35:56.994580,29.36081187114077,35.07888457858377,27.420195433640554,30.09579142811916,148
2024-08-30 11:35:57.996474,72.45026029587386,82.10514342428523,65.75062894938536,78.03237739861,879
2024-08-30 11:35:58.998812,22.305505510081836,28.331224250852376,14.785434427601343,22.205518548432845,551
2024-08-30 11:36:00.001009,18.91628898125871,22.875609775834423,12.930196685728752,19.439420310189334,717
2024-08-30 11:36:01.004133,25.28809497877422,34.70116555492558,16.51033620234914,28.487121674358455,210
2024-08-30 11:36:02.006295,72.29754420146025,79.23100757051786,67.93090355892629,76.37050145004227,586
2024-08-30 11:36:03.008711,50.51227575707882,59.984507705462896,46.19782762916126,59.41180555579541,489
2024-08-30 11:36:04.010584,7.973841948000848,8.43976561062465,-1.3301408318142123,2.751062824538846,88
2024-08-30 11:36:05.013070,83.3870417225689,89.30547991710863,80.84969471539284,87.184950576826,966
2024-08-30 11:36:06.015502,3.977144420839207,12.50578356411486,-1.55922132669805,4.117363572195864,904
2024-08-30 11:36:07.018852,48.191211097334495,52.52400883207621,39.05177867544428,41.578537724751676,517
2024-08-30 11:36:08.022161,66.74146666220014,75.13374025881195,59.70967003956427,65.5269602698874,336
2024-08-30 11:36:09.024341,60.36057058192487,66.26606786724834,50.60246896297918,55.664457860506495,290
2024-08-30 11:36:10.026091,60.71356749626856,67.4800751498484,60.41379136406584,61.78990718337693,501
2024-08-30 11:36:11.028327,77.88475851732952,80.93108488201415,71.59841088409618,79.22886457006294,198
2024-08-30 11:36:12.030007,3.8817581012631996,9.11228942368459,-2.9920908219157147,5.255214928285124,820
2024-08-30 11:36:13.032085,53.25232022377473,61.74962415721838,46.94897816121138,51.5455913086969,307
2024-08-30 11:36:14.034029,9.734649610219769,15.60943613170505,2.622003804101233,4.505289584692896,113
2024-08-30 11:36:15.036438,77.01561547964579,86.15397190827072,67.37249064675632,81.23619163409755,479
2024-08-30 11:36:16.039107,71.57683463239081,76.10972088878194,68.91945456559637,72.91721077486554,594
2024-08-30 11:36:17.040793,47.49716919311401,55.63384003709704,46.070037271950014,48.69414309051816,92
2024-08-30 11:36:18.043459,25.521940143848266,26.915752887217423,15.89711702650452,18.048939947006275,355
2024-08-30 11:36:19.045615,84.00308004590843,87.38588583890206,74.26588739240673,77.17310532597841,104
2024-08-30 11:36:20.048320,49.62253099938471,51.49980174809589,46.54548006606509,49.04347095529622,328
2024-08-30 11:36:21.050113,96.66677327726788,100.65821690753886,92.07529078566989,92.96731844028176,709
2024-08-30 11:36:22.052113,44.71768565502718,53.47495485405152,37.18384025925761,44.110514921029385,186
2024-08-30 11:36:23.054329,78.01705267546254,80.09018827258623,71.18534442744509,79.6722417547866,483
2024-08-30 11:36:24.057012,35.816578416142775,43.592750089725925,32.79941250282268,39.07552350620418,511
2024-08-30 11:36:25.059047,75.69809685677478,78.99088098057787,67.04852668584198,73.50073364202619,385
2024-08-30 11:36:26.061870,40.50862740581537,50.32462502587902,30.779530734765324,39.179852428838636,453
2024-08-30 11:36:27.064972,80.65176827487097,89.480926759428,73.601996388088,78.32590161473455,546
2024-08-30 11:36:28.067567,67.20452861928501,74.79468488728091,63.645089169201874,64.82272480764303,506
2024-08-30 11:36:29.069935,59.72383479673432,61.00362792868047,50.210569950980144,53.85706349840176,212
2024-08-30 11:36:30.072499,35.55499137926736,35.90242961493904,31.59588284777747,35.37180016768,653
2024-08-30 11:36:31.075324,12.859542663738232,22.26908855832497,3.4320891766474126,5.903302467160364,220
2024-08-30 11:36:32.077065,3.1195729653058724,12.877378563033977,-5.997385260894637,-2.243829380925744,126
2024-08-30 11:36:33.080243,9.892803844124298,16.288862590341648,9.336041594751457,14.155724072431184,105
2024-08-30 11:36:34.081876,55.402342528785354,56.63872650578725,48.649360669330434,53.72542067943258,236
2024-08-30 11:36:35.084417,81.90252540791478,91.74879607811273,80.75065049681629,83.94517220997167,654
2024-08-30 11:36:36.085865,50.07904041904527,58.90456903105119,43.69148733741332,56.305929905180534,497
2024-08-30 11:36:37.088139,41.283433559426584,43.66427230514465,38.09477273674977,42.270638577387516,480
2024-08-30 11:36:38.091073,30.050553877373076,31.87682015186081,27.908503681151373,29.868836801141278,550
2024-08-30 11:36:39.093779,32.657895672389415,39.03199644598175,22.715768989965813,37.5277080857343,645
2024-08-30 11:36:40.096359,79.79872602404534,87.89380751793283,71.18619263543107,87.50644955312572,449
2024-08-30 11:36:41.098481,60.97860684724695,69.60453417248065,51.861855619154866,60.7878354739788,606
2024-08-30 11:36:42.100885,16.074078160698445,21.50584562674948,11.526220077881183,20.61375847023548,862
2024-08-30 11:36:43.104529,37.669316056622804,45.52787901222585,28.397923462961813,34.38678254104856,287
2024-08-30 11:36:44.107010,52.59062464651275,61.00046676001942,49.74870864784693,55.08419072497608,468
2024-08-30 11:36:45.109754,68.82129945258367,72.79915452119944,63.67731334090692,65.91616742111748,549
2024-08-30 11:36:46.111745,68.12578177440176,70.12328580420258,58.1870304012654,66.40208101757979,92
2024-08-30 11:36:47.114148,6.847487574333289,12.002853583930253,5.339748017791409,9.44941004092411,287
2024-08-30 11:36:48.116533,82.82691399483409,87.3642492559677,78.88924668648538,86.48162237022646,426
2024-08-30 11:36:49.119702,86.15858792906408,95.93488440087118,77.64619144619182,92.63810281206106,834
2024-08-30 11:36:50.121421,12.50601218895543,13.139731039866112,8.396428333968291,9.021698147953536,866
2024-08-30 11:36:51.123802,43.299456107978976,44.50365120546283,35.851366232272525,38.27166404943599,730
2024-08-30 11:36:52.126090,85.87701268442339,86.48817067643296,77.83075068964706,83.06326608768855,43
2024-08-30 11:36:53.128312,17.9729369185184,21.479142102389687,14.785490769611206,14.919573060622112,129
2024-08-30 11:36:54.130356,27.728262604180475,34.264784976493104,22.46468639345226,23.53123054756057,456
2024-08-30 11:36:55.132720,34.90692045919277,39.351839409297035,29.605142723154934,34.07652020655396,254
2024-08-30 11:36:56.134672,44.89659553982015,50.07293507913429,43.803071995500915,49.31352616903438,284
2024-08-30 11:36:57.137341,73.0548304686744,78.22158872993965,64.21726799978849,70.75160196252727,18
2024-08-30 11:36:58.139395,62.150433381346545,62.89764599645356,60.41271270246227,61.0748668214802,603
2024-08-30 11:36:59.141585,67.092608290011,69.67584667587698,62.100453504845746,62.76924798833098,805
2024-08-30 11:37:00.145577,94.02305090618069,98.21115935050355,87.08976232503493,88.60922876961774,139
2024-08-30 11:37:01.147681,6.031144176110259,7.650460029802332,3.844239269725336,4.047492061693244,684
2024-08-30 11:37:02.149733,62.67380114114381,67.18406077446667,54.36796501143255,62.01562139868786,691
2024-08-30 11:37:03.152329,76.56221388693277,81.51226971628542,75.17860464422787,78.83995731379275,658
