2024-05-27 12:58:28.648894,98.45139596261052,106.33943817439031,97.41182716826849,102.70216941027412,38
2024-05-27 12:58:29.649815,2.908183106468465,4.094545807469629,2.882930372015892,2.9876132881986353,530
2024-05-27 12:58:30.651058,14.560776917582963,18.799416679345025,10.89550763148005,17.112902909680635,613
2024-05-27 12:58:31.652402,1.368845241445149,7.980224827417983,-4.672537783008691,7.348739796571662,605
2024-05-27 12:58:32.653850,77.70611932905547,80.69650124370746,74.95086880063421,79.86808664795232,477
2024-05-27 12:58:33.655142,68.9336914622045,76.23863631447693,62.45396307596038,69.57485005430593,375
2024-05-27 12:58:34.657018,86.42067957739141,90.00835444457388,84.28127219985029,84.29288016628264,456
2024-05-27 12:58:35.658623,22.416506680098625,30.495036356165006,21.049637357838815,24.66872361577893,33
2024-05-27 12:58:36.660241,59.34809428133791,63.52755462745169,49.58167993679966,52.75013050086476,214
2024-05-27 12:58:37.661537,36.577927579548984,40.357294074782295,27.839575182106014,28.645769196913417,623
2024-05-27 12:58:38.662744,28.383001580775456,36.84170095091911,21.03292671088274,33.30683477611963,160
2024-05-27 12:58:39.664361,64.27841726252727,69.271867434952,58.255584192007284,60.3356335438595,272
2024-05-27 12:58:40.665800,62.769573984914416,66.79790251893327,53.862162037977846,62.56983198746221,221
2024-05-27 12:58:41.667719,76.94444000303041,79.59546884216223,75.7759559447098,77.31250820663831,637
2024-05-27 12:58:42.669851,63.3295808225856,72.08402523888503,55.7632918206091,66.85246627496066,600
2024-05-27 12:58:43.671541,84.04384525434364,91.3306308140977,76.01105971275067,78.67335179240796,723
2024-05-27 12:58:44.673128,95.49459536533881,97.42365618583645,86.32675595759882,91.45142017622625,945
2024-05-27 12:58:45.674712,21.877920628178128,25.590783451281542,16.37810180603815,23.471200815867267,409
2024-05-27 12:58:46.676238,81.55946205584199,85.72351681109883,78.51185303665154,81.83710809931358,237
2024-05-27 12:58:47.677360,38.653755679216275,39.20579063478759,36.03468872145832,38.84933593308706,978
2024-05-27 12:58:48.679014,41.73548087118583,44.425521498773236,31.834016237089106,41.59516420833195,579
2024-05-27 12:58:49.680715,21.58522038905104,30.45454400475878,16.714104719064153,28.702474363751904,536
2024-05-27 12:58:50.682134,44.048381402251856,47.50358622625008,43.057101810183724,46.700932615617475,868
2024-05-27 12:58:51.683169,63.97353637472628,67.49890615848666,54.4266029841613,66.98163450668461,946
2024-05-27 12:58:52.685145,83.84190325341278,92.8014327514854,76.50883670866504,86.21265253273094,921
2024-05-27 12:58:53.686726,61.849662139394624,65.28161854826473,55.48388963698373,60.56590680109503,692
2024-05-27 12:58:54.687921,39.0565922332906,48.41980453475628,35.28469926884532,42.27014192332469,549
2024-05-27 12:58:55.689158,37.64851183830863,46.378697758579,31.853410317324524,41.55200089794555,338
2024-05-27 12:58:56.690995,8.817474633690425,17.03879777645458,-0.8402236144545636,-0.8073224916342013,972
2024-05-27 12:58:57.692548,83.0973982007172,87.45376126624005,79.80783313340208,85.56689589024862,989
2024-05-27 12:58:58.694308,30.214182560686176,34.74278788507494,21.927378217042854,27.49595171862648,2
2024-05-27 12:58:59.695785,18.342812305711178,24.643022241917702,11.061204969810586,21.36532714350253,71
2024-05-27 12:59:00.697342,40.113596785239345,42.66717131144152,38.94064502487479,39.975965282590415,636
2024-05-27 12:59:01.698888,21.305402829261734,28.95634158910464,14.98366664399141,21.593617513949987,743
2024-05-27 12:59:02.699914,72.4758323205371,73.49205362000808,68.51949836458692,70.67089913244003,575
2024-05-27 12:59:03.701452,63.12991789643162,63.22482831127023,61.20120443685038,63.05322827394754,380
2024-05-27 12:59:04.702927,58.24905525106252,58.48744279768878,49.723921044383886,53.67795627858639,731
2024-05-27 12:59:05.704976,54.570299377111,54.661507467096,53.72238631332043,54.314559378269536,170
2024-05-27 12:59:06.706307,4.334700502495847,5.0922348112314095,-4.388115499481996,1.4799719375919516,525
2024-05-27 12:59:07.707766,77.76880132992599,84.46165391338104,74.77182232008816,81.15088582038257,407
2024-05-27 12:59:08.709136,31.705245091968358,35.74849916967369,25.11416399589526,34.29998901443493,107
2024-05-27 12:59:09.710455,71.53013646763151,73.31941144213735,64.70472850131769,66.06013980660289,914
2024-05-27 12:59:10.712071,6.511314034569093,10.79893309506477,1.4216982369892035,7.614460155327198,57
2024-05-27 12:59:11.713704,91.33877489063805,96.84360364030147,81.74521303874882,81.93027468567736,168
2024-05-27 12:59:12.715338,17.603335055273618,20.309659559654047,8.3879662064859,17.17276240084928,431
2024-05-27 12:59:13.717521,64.79932021111144,68.94406393199291,62.267597518031224,64.08110628450511,564
2024-05-27 12:59:14.719377,54.51564348499287,63.531925262826825,51.055499523159106,53.41852425917007,820
2024-05-27 12:59:15.721457,53.65151971536112,61.1966425450364,47.49149336664592,50.393170389141446,878
2024-05-27 12:59:16.722895,37.72138093375753,44.166110995049536,29.09091131777832,32.508798823300765,615
2024-05-27 12:59:17.724543,50.86517954680716,56.34127700608249,43.1108512602563,53.262275943687456,259
2024-05-27 12:59:18.726097,84.56947336317941,86.5322420720971,83.99105839586971,84.30810797852067,787
2024-05-27 12:59:19.727611,33.70472374309641,39.31267642745428,26.23204638734302,31.017238791916334,901
2024-05-27 12:59:20.728941,0.09570369242636323,2.4297951013751207,-7.953301412013962,1.710504144212548,133
2024-05-27 12:59:21.730692,41.521511919102714,49.4248253531143,32.4367401097507,48.33425278420784,493
2024-05-27 12:59:22.732147,4.706483288070206,6.3996927999810564,-2.5499034350932943,5.223096114166558,557
2024-05-27 12:59:23.733478,75.1231742262545,76.67208630078623,72.39482524728575,76.51071241272224,496
2024-05-27 12:59:24.735064,87.52744853031942,97.09309461697663,80.26775113700795,94.23930469571269,810
2024-05-27 12:59:25.737208,55.305894750496165,57.0675006474013,46.73170001839113,52.22270109742526,116
2024-05-27 12:59:26.738855,17.517921908255264,21.60811676155081,15.478577004046748,16.072951977332696,60
2024-05-27 12:59:27.740593,21.014627727116462,24.26723866922258,12.83681243622837,23.548688712459196,268
2024-05-27 12:59:28.741579,23.27821722909058,24.956095571919906,13.805327467985796,19.92893767816943,15
2024-05-27 12:59:29.743608,10.59924712676854,19.89796395925078,8.751439372998545,11.590874535283078,905
2024-05-27 12:59:30.745063,99.22641993862803,101.63186317977905,98.18081250701631,99.95785712551718,744
2024-05-27 12:59:31.746453,22.92366885907551,31.08679896608148,17.61660679598036,21.200414005647936,899
2024-05-27 12:59:32.747776,15.476735476905478,17.10976082277674,14.87506033363562,17.10933873440109,853
2024-05-27 12:59:33.748986,24.376267159143726,32.86186462990132,23.069086265865234,26.36372663209926,403
2024-05-27 12:59:34.750767,85.63096767515212,95.58661813862636,85.25222921876755,93.37037366557045,16
2024-05-27 12:59:35.752619,48.01952299662919,54.01532931936608,46.812155034555055,46.97693063934704,982
2024-05-27 12:59:36.753946,18.665513176959735,28.620857405038873,11.285050600376783,14.26991493480529,483
2024-05-27 12:59:37.755234,51.853168191743684,52.66110346712227,49.01776173459287,50.952804792065656,477
2024-05-27 12:59:38.756752,18.758694392954702,24.107712564107416,11.2282316467662,22.880056681137177,468
2024-05-27 12:59:39.757962,94.368197480425,97.15169620539469,88.89467079750051,95.07007024260126,569
2024-05-27 12:59:40.759026,33.036490824357266,40.8979227043267,24.309058354888712,40.265589681786686,300
2024-05-27 12:59:41.761029,13.062381352523412,17.974136801316668,10.325630477222123,13.837509568805503,124
2024-05-27 12:59:42.762736,69.26927090724976,77.58481002031262,60.18111427421598,64.21316726317153,623
2024-05-27 12:59:43.763877,28.472811844463163,35.01094575232102,28.070960031505816,30.12643091807821,229
2024-05-27 12:59:44.765357,34.645468036195446,37.48920548553039,32.747805233898944,32.79863474531063,356
2024-05-27 12:59:45.767145,48.522442208313464,56.6406325269599,40.80682787868468,50.34073797038829,744
2024-05-27 12:59:46.768368,69.55471563576897,69.94389528331025,62.83865924506989,69.35706723423569,821
2024-05-27 12:59:47.769856,18.886427977242192,21.115148247917602,15.314173210110955,15.342604643497756,136
2024-05-27 12:59:48.771647,69.67850590552631,78.78422398022379,66.52354771257136,77.48258539524531,797
2024-05-27 12:59:49.773423,79.26515827247185,84.77515155812188,71.8598785484375,75.03860331764409,487
2024-05-27 12:59:50.774951,28.44294077213568,38.32902248776695,21.642182670756377,23.32000861158684,924
2024-05-27 12:59:51.776731,22.68351308281842,32.422063527475046,18.687825124354692,19.986459664302174,615
2024-05-27 12:59:52.778612,81.06475960763778,85.2029207834755,78.7052969373289,81.62255930868741,767
2024-05-27 12:59:53.780496,69.32704059877959,69.49637822834781,68.32370547397323,68.38383414789165,130
2024-05-27 12:59:54.782006,20.63888307461178,28.437279573432892,18.594689798128417,23.946111541940162,181
2024-05-27 12:59:55.783165,15.021821341748298,23.97558702247241,14.756022894688808,19.347596854187866,223
2024-05-27 12:59:56.784336,44.4120742573697,49.52688990677253,40.050590656429996,45.333164611400434,810
2024-05-27 12:59:57.785614,92.07876189500949,98.61834643799718,87.55477574412075,97.48901107623807,843
2024-05-27 12:59:58.787100,84.2115293800882,88.71222298214585,80.65198828922966,86.55738475299837,604
2024-05-27 12:59:59.788414,86.27618311004699,86.48756877716072,78.43905697257802,83.10581617727536,127
2024-05-27 13:00:00.789876,64.20372214063667,66.17368735662612,54.870897190651455,58.91888486036848,190
2024-05-27 13:00:01.791241,12.846330163106568,20.535654563054333,5.7057843802937755,17.529851978764004,784
2024-05-27 13:00:02.792262,24.68863181475447,26.0105908872139,20.708371945595058,22.80828426064407,629
2024-05-27 13:00:03.793646,65.89874304495156,69.08482732602074,63.45771806931433,65.72990278587773,408
2024-05-27 13:00:04.794826,36.48413783613324,38.46124685087115,33.99665133872497,35.707528341586425,612
2024-05-27 13:00:05.796090,22.96544602731654,30.482339850564397,15.115029401390606,24.341228222054106,810
2024-05-27 13:00:06.797625,31.30268768687918,38.04281016907512,28.273559364095565,31.724493094830983,601
2024-05-27 13:00:07.798762,43.960961022358035,48.98697350300922,35.03692553121006,44.589294435045915,948
2024-05-27 13:00:08.800538,29.022386050764425,33.84026374871907,27.85466448240199,33.12547890514509,965
2024-05-27 13:00:09.801643,56.748647173977204,58.07247672163959,47.90663854991646,49.127804801526,165
2024-05-27 13:00:10.802974,14.59772211362499,23.030605564446297,9.205324967379331,11.857247683387236,994
2024-05-27 13:00:11.804825,67.23519592430335,74.2093129720955,59.56493981562113,67.70322939518815,801
2024-05-27 13:00:12.805984,12.61572643008102,20.075646634142487,11.758662219357225,14.941077249703074,279
2024-05-27 13:00:13.807110,56.02966929528313,64.43103660960577,46.71567400149819,52.53258659185421,280
2024-05-27 13:00:14.808967,88.14760468303126,89.68494249100354,87.51423088047758,89.39849750139325,661
2024-05-27 13:00:15.810081,47.98453095961458,48.23592161795364,43.14865716851375,43.36256134295493,965
2024-05-27 13:00:16.811503,77.72171212103946,79.20988960615121,72.04084890227753,77.75467104014135,675
2024-05-27 13:00:17.813040,26.45423145179461,27.772014646437754,17.84534257431735,21.443946267628085,838
2024-05-27 13:00:18.814766,68.32176259653737,71.09511793712173,64.04708690394227,69.66008466593989,580
2024-05-27 13:00:19.816485,56.363895064407934,62.091360232345934,46.93041805171196,49.43525169510306,465
2024-05-27 13:00:20.818007,99.11579565225603,101.3469532926249,97.80998933937984,98.3810003384455,719
2024-05-27 13:00:21.819495,82.84603510886707,87.47653542573379,80.72076876601771,86.10554271154517,871
2024-05-27 13:00:22.821018,50.443791581934164,54.65499314466313,45.456827236906314,49.25140226454693,554
2024-05-27 13:00:23.822622,82.34770768742395,88.8036390149441,78.16195228657539,87.01296957116256,862
2024-05-27 13:00:24.823925,28.12624137760845,35.29123023846033,24.403954273960025,35.07380589676632,695
2024-05-27 13:00:25.825386,82.623529928815,86.42321962885543,81.67000589213389,86.03256800043262,89
2024-05-27 13:00:26.826703,31.347967981559265,37.9610818060824,24.66229027916789,31.006227299880422,95
2024-05-27 13:00:27.827961,95.08808602909039,103.22955066853156,85.69723416866344,96.53806312178203,129
2024-05-27 13:00:28.829058,31.553126357185768,33.75867024870905,24.49291678550349,32.333089327570235,799
2024-05-27 13:00:29.830276,50.509899719724025,56.387131764620506,45.96731891673682,53.74040138059873,583
2024-05-27 13:00:30.831722,65.96292772620968,73.36416830184004,57.823529169200846,58.11199786756487,24
2024-05-27 13:00:31.834391,79.03913036058306,88.82049628287746,69.61232471465982,84.48210898243028,39
2024-05-27 13:00:32.835617,79.47928269808816,81.56152881063866,71.86688852871097,76.70006440928634,911
2024-05-27 13:00:33.836748,5.84379168467618,13.70402847307765,4.461222550024278,13.46050980381032,258
2024-05-27 13:00:37.242376,48.57359992099979,57.10070644423773,45.43517165047385,53.03893238517845,294
2024-05-27 13:00:38.243366,29.299658894213042,32.777463492824346,27.40118214228557,30.194638089796495,754
2024-05-27 13:00:39.244342,94.79952631158096,96.04181687933409,94.05711771096816,95.00404456148321,219
2024-05-27 13:00:40.245581,54.1519390683441,55.83290962909751,46.945243956943514,50.78346206056554,690
2024-05-27 13:00:41.246699,13.588970360562358,23.170352107144538,7.415642596230733,10.002347420883547,780
2024-05-27 13:00:42.247405,56.544530409144315,62.338265758860615,49.67382873306381,57.47209533115311,688
2024-05-27 13:00:43.248927,47.72284458085011,49.19648407403821,41.37421464052221,44.890116325726424,140
2024-05-27 13:00:44.250154,55.36995578575087,62.08995949115424,53.424048746121905,57.20671847656569,995
2024-05-27 13:00:45.250965,8.0896669866261,13.704096839031807,-0.9240313222824099,2.99445801074284,371
2024-05-27 13:00:46.251970,30.04284812224175,32.131162675831625,29.94555137956052,29.972996590162875,435
2024-08-30 11:15:09.107061,64.15916772641341,65.74432738842681,57.512569734271466,58.3215962751094,173
2024-08-30 11:15:10.111285,95.1999796027907,96.91153656428322,92.01263411806724,92.35618911017417,786
2024-08-30 11:15:11.113616,25.5495250019545,33.19743359456595,22.216862985176896,29.365752040401585,968
2024-08-30 11:15:12.116256,45.935926433481214,50.83792246146503,36.94005612151879,45.70914344533929,674
2024-08-30 11:15:13.117747,97.4911519492611,101.1273298142624,94.44145287847715,95.09532213822753,339
2024-08-30 11:15:14.119316,24.573947941963105,34.095203654802226,21.633215409190687,26.726580638720613,548
2024-08-30 11:15:15.121372,9.882129611546853,19.483587340141035,9.14238334231217,10.626397721310205,503
2024-08-30 11:15:16.122849,80.19618497321586,90.0053580433294,72.83287344716896,77.16191218167808,368
2024-08-30 11:15:17.125176,51.39247278661752,57.04246005996265,47.871951291549294,54.01358001240034,341
2024-08-30 11:15:18.127350,68.86717865424295,77.70132587770742,67.47385674009139,75.57943565229124,941
2024-08-30 11:15:19.129087,28.086844404954004,35.57500697632131,18.651644722732044,28.315836714414843,435
2024-08-30 11:15:20.130962,72.41330008423587,76.21657392128701,69.08961978568932,72.10037358490237,646
2024-08-30 11:15:21.133270,81.30451904885729,83.80471349624177,77.6703489563335,78.21033413038685,54
2024-08-30 11:15:22.135044,60.700759760594124,65.0734731194488,58.07805286773475,60.30233298866202,857
2024-08-30 11:15:23.137584,61.57607094605274,65.73405492248968,54.59931446547978,56.4081734163737,823
2024-08-30 11:15:24.140674,75.11562223485286,82.17595005927909,73.50926445259661,79.49845036461123,725
2024-08-30 11:15:25.142735,72.1318100222038,79.25769752536092,64.16257210575995,75.63900301865378,101
2024-08-30 11:15:26.144363,33.05383397542585,37.62002060190102,29.03832042351641,35.83492569053824,978
2024-08-30 11:15:27.146006,24.90135415124337,31.199649881935912,15.172123087285785,20.440399425240134,923
2024-08-30 11:15:28.147556,18.689497898074205,22.6018549553956,14.604201922956955,15.71122802859967,805
2024-08-30 11:15:29.149165,22.253737381014382,29.401583463406123,14.031378188663844,26.078460962876857,727
2024-08-30 11:15:30.151503,36.33646022400764,39.161755197325725,36.167234855967756,36.73072706024971,810
2024-08-30 11:15:31.153570,87.62021790022838,88.11807153958338,82.72315465674701,85.57239280858315,454
2024-08-30 11:15:32.155292,97.94446745943834,101.31498676563685,96.38837855565798,97.42335000883322,255
2024-08-30 11:15:33.157626,22.9592894716682,24.805593407535024,14.301490356376203,17.19909397013685,589
2024-08-30 11:15:34.159803,71.63141025473033,80.60881274941599,69.93831383916748,75.84602574257795,517
2024-08-30 11:15:35.161782,5.262618951444809,9.134771516365563,2.9361202050628026,6.111608367123541,596
2024-08-30 11:15:36.163622,13.27301308005373,19.949493080690143,9.036237337278513,14.392466371701424,957
2024-08-30 11:15:37.165525,38.20267637767577,44.5069215822426,34.63802430525688,43.597751318729614,458
2024-08-30 11:15:38.167087,93.72619451467065,95.1864166591476,88.24247896600255,92.03718195283456,793
2024-08-30 11:15:39.169679,70.76860631977988,80.30933936987999,67.08577057193105,76.55430083053142,782
2024-08-30 11:15:40.171645,84.41150730965471,93.13104321796591,74.65071767596808,82.62801915899588,240
2024-08-30 11:15:41.173142,31.271859487536712,33.81660729151212,29.402764668839588,31.706082629953485,131
2024-08-30 11:15:42.174688,42.895835056943746,49.09962118777392,41.29292774445884,44.962611509113934,566
2024-08-30 11:15:43.176480,78.11780851444222,83.40506294683848,70.43046065588047,75.28954742577058,517
2024-08-30 11:15:44.178831,14.471674228384812,17.583531216166193,13.493571726222518,14.427965080101163,34
2024-08-30 11:15:45.180187,24.058796932319936,31.64386317979786,23.622739963554697,27.818811292636813,547
2024-08-30 11:15:46.182573,41.50345505699835,45.989115899424085,39.44255839810061,41.107067338946194,767
2024-08-30 11:15:47.184487,49.11083232892718,54.28811579914941,47.8669387437382,48.380106896154,467
2024-08-30 11:15:48.186835,13.508590485969806,15.52807409086072,10.331141019552465,11.274012546900607,525
2024-08-30 11:15:49.188637,37.536763647859985,42.02080950377033,28.437116027645626,39.366862115213436,255
2024-08-30 11:15:50.190980,47.90867096972023,54.83581712167873,40.24743374805154,53.166525733438355,719
2024-08-30 11:15:51.192660,77.55635457296812,87.40120958545516,68.22416386074161,75.64522067764597,401
2024-08-30 11:15:52.194655,23.890898158132945,24.8272832595558,21.757869476522956,24.387628186979065,384
2024-08-30 11:15:53.196769,83.1784803417998,86.05842257047686,76.00048027427347,80.42313326074853,867
2024-08-30 11:15:54.199094,2.5040404050477028,9.068018540590693,-1.9119673417159575,0.4922701516591079,299
2024-08-30 11:15:55.200913,28.563283521321814,28.84094650337431,19.884932761014547,28.832994158186583,105
2024-08-30 11:15:56.202986,62.48058381760255,65.95710872168206,58.98478078688086,62.988891276760526,897
2024-08-30 11:15:57.205155,3.005720159994263,12.23529956531084,-1.1118090599623112,1.337589941409553,403
2024-08-30 11:15:58.206678,21.916397612161553,31.734518494366235,20.528962190790907,31.019814094115574,608
2024-08-30 11:15:59.208239,40.55888409015388,50.46027216530484,35.44445387758252,48.72232860318807,112
2024-08-30 11:16:00.210053,54.70751186006996,62.30077285579477,52.492476978346865,60.80543750788731,474
2024-08-30 11:16:01.211466,45.39840158894416,46.67334064981725,44.976884135694384,45.56433948920821,873
2024-08-30 11:16:02.213074,84.02252943042345,91.85715404399622,75.76240792651444,79.09037720174148,686
2024-08-30 11:16:03.217439,94.62437639496156,94.83402999927318,92.98115489873015,94.17319961924927,297
2024-08-30 11:16:04.219716,79.395440133235,85.83284951573495,70.4935745952839,83.0955506828207,250
2024-08-30 11:16:05.221658,93.42515861498798,97.68098848792766,83.99866969234314,86.85861852771268,233
2024-08-30 11:16:06.223325,2.7424813451911834,9.474317278620154,-0.7781685779737768,-0.46045941846469296,351
2024-08-30 11:16:07.225409,53.67983200205286,62.63608342327328,51.25309953274676,55.432167117388325,29
2024-08-30 11:16:08.228135,60.27501844917889,64.05290363263633,55.19290146397133,61.95760726935437,406
2024-08-30 11:16:09.230352,43.89451010114844,48.734042180897234,38.320074777623745,44.386357473999716,721
2024-08-30 11:16:10.232175,2.8613176878637514,9.031488449800754,-5.294980245457486,4.283633821628413,410
2024-08-30 11:16:11.255703,80.94783455604954,86.99021404377257,80.2504103835125,82.42685649100753,792
2024-08-30 11:16:12.263601,57.596987646779255,64.26291734338471,52.28704034830227,57.28654197522573,647
2024-08-30 11:16:13.266821,58.23304226176632,59.454022449377064,55.159125854371396,59.26131608441436,880
2024-08-30 11:16:14.268503,31.240573662921456,41.081727357408234,24.964666136670825,36.00608275471554,888
2024-08-30 11:16:15.270242,7.442012477988724,9.11167907942549,2.802880439401271,4.132527091288665,488
2024-08-30 11:16:16.272157,30.74305986159188,34.18038688995527,25.258017491951183,34.08231051978731,832
2024-08-30 11:16:17.273815,9.604716516556556,10.207341855110014,5.571954920719395,7.4749344642698174,22
2024-08-30 11:16:18.276103,96.0619073284762,96.49786827609752,89.61349392079732,94.9302605019451,375
2024-08-30 11:16:19.277575,1.760655066266703,7.653010108906927,-6.466004671197857,-6.245296031533177,457
2024-08-30 11:16:20.280524,62.53726307643532,68.301110223779,55.80795327092584,65.39341769205335,313
2024-08-30 11:16:21.282434,44.68192753335555,45.39505709321683,36.83586301560693,44.261201640368014,958
2024-08-30 11:16:22.284419,17.94334977517137,23.249339939762958,13.43274974743655,19.787972957125774,806
2024-08-30 11:16:23.286165,4.669173027493045,14.47943410644401,-2.4472883455259904,7.665179161540628,741
2024-08-30 11:16:24.287790,93.92837432829663,100.87168459907257,86.20568658034347,93.93937267659304,544
2024-08-30 11:16:25.289885,9.891541085460954,15.90906786129566,0.6894607527830932,7.024678971476371,554
2024-08-30 11:16:26.291630,1.0421312336530542,10.613735780729721,-0.14124962003082664,6.821146900979424,948
2024-08-30 11:16:27.293510,46.88807332242464,54.243461725923844,38.640081103798664,39.91786065242752,264
2024-08-30 11:16:28.297306,51.73698738825223,54.39634967535024,51.437113906089415,52.147774174826225,323
2024-08-30 11:16:29.299679,95.77464094062847,99.78333663553283,92.35602834011272,96.41444968093583,601
2024-08-30 11:16:30.302455,63.68526630654122,71.10692764663717,59.09276500462386,70.67334337267708,722
2024-08-30 11:16:31.304564,98.57206910436935,107.91837584224572,94.70425447887037,94.79300195523764,666
2024-08-30 11:16:32.306703,67.77979625508436,75.16871191507315,58.3087585489114,73.54722426499002,268
2024-08-30 11:16:33.308259,76.68714507119002,84.22824406377887,72.10475054166561,78.60344860744975,864
2024-08-30 11:16:34.310060,89.17479299009052,91.06857881050271,88.65708946040807,90.73016042598687,590
2024-08-30 11:16:35.312350,78.89311166876928,88.70380861994595,72.950837762733,73.70020389787543,507
2024-08-30 11:16:36.314410,12.395332792811931,13.72935093388289,4.172633523270781,9.424509853798455,483
2024-08-30 11:16:37.316237,21.48721511874451,25.770944493597902,12.574024296834622,14.43857989886611,569
2024-08-30 11:16:38.318063,59.0409459625259,59.232712261909484,58.794908830918196,58.79534568480289,90
2024-08-30 11:16:39.320309,28.821418864920034,33.47908264403572,22.634025727759365,23.58922474284057,444
2024-08-30 11:16:40.323109,19.045630878283003,28.64033320654583,18.08822493818131,27.649534202884254,41
2024-08-30 11:16:41.327244,46.31810523552867,51.34193490279786,41.349443846477996,44.687635719336036,131
2024-08-30 11:16:42.329886,56.11173128577559,64.02993822923287,51.1342659253773,55.07867604203818,981
2024-08-30 11:16:43.331826,34.82346127574035,39.584749801376375,33.97303842943586,37.44697751320025,386
2024-08-30 11:16:44.334488,42.93475596793852,45.288893015143174,39.80185035254401,40.50030828767334,888
2024-08-30 11:16:45.336262,27.11125688086029,36.75685406792332,17.547752000243086,23.569195110391075,52
2024-08-30 11:16:46.338311,97.96861623331333,99.59350197446891,93.87889941916981,95.86359125561741,64
2024-08-30 11:16:47.339908,83.78510259047933,87.38752929535195,83.24313722799295,83.34766632513958,90
2024-08-30 11:16:48.343337,64.18903579318393,70.11795399721865,56.503232436366886,68.26344430626425,74
2024-08-30 11:16:49.345913,47.78242992430272,57.06779525083777,45.0108285734781,54.74708706543885,204
2024-08-30 11:16:50.347901,91.96551884255335,95.68760766531554,89.60109300107368,90.74969549680885,574
2024-08-30 11:16:51.350565,28.34032123519641,31.643556572834473,19.895097123607577,28.246800341441435,473
2024-08-30 11:16:52.352936,93.31280223243034,96.67992521892421,88.50732506378192,95.64051374847257,814
2024-08-30 11:16:53.355553,83.88749905727495,91.43260914549309,77.78825671579058,80.91772647585334,14
2024-08-30 11:16:54.357365,54.10235557229388,55.04713869820462,46.85895770834356,53.725512507422316,990
2024-08-30 11:16:55.359619,85.24389935269339,93.10280290881937,78.57756217827247,87.32097638366965,566
2024-08-30 11:16:56.361537,31.209160301756,39.35416679909437,25.331793755702424,25.599068671021953,475
2024-08-30 11:16:57.362963,89.65505306214762,93.09462964078722,82.72394544839283,90.64487139407687,890
2024-08-30 11:16:58.366067,13.05054062500326,18.726933211169236,10.213028837630803,15.883831095427869,433
2024-08-30 11:16:59.367601,38.14630397393404,42.67356252232659,36.94055483332709,42.365210858548096,20
2024-08-30 11:17:00.369576,8.08623781713127,14.459653947005467,0.4439260461969159,3.5451688319409094,744
2024-08-30 11:17:01.371597,19.964508403107907,21.652952092001296,19.878648397043484,20.133809956323635,370
2024-08-30 11:17:02.373498,30.49836271267776,38.638594874312304,22.18786028796709,31.95370400793466,440
2024-08-30 11:17:03.375331,18.755894499776193,19.438905082362588,8.846176789894264,17.348685990015397,541
2024-08-30 11:17:04.377361,73.12542351227532,78.43477131865363,64.18489796301407,67.916952390007,592
2024-08-30 11:17:05.379123,62.575095594199446,67.02547738571727,57.305018578104,66.68375447677803,984
2024-08-30 11:17:06.381584,3.517518280155607,7.753970227002739,-5.48470200270662,3.6417212552566385,44
2024-08-30 11:17:07.383261,95.61487960446965,99.83452301273572,89.06625346419798,97.85546340382807,880
2024-08-30 11:17:08.385421,9.590795991181755,15.838509459007959,-0.3748936379600156,7.627044556807885,944
2024-08-30 11:17:09.387576,61.01634787396243,69.5935813789273,55.14110412971375,68.1440277845045,598
2024-08-30 11:17:10.389531,75.52499580500142,80.11541568194629,75.00970593556829,79.12195757717001,389
2024-08-30 11:17:11.391160,57.56364299786725,63.365662238330465,52.918610874409744,59.3917053424619,445
2024-08-30 11:17:12.393152,13.300680581007596,15.385877537297079,13.13286885999052,13.742756378390236,441
2024-08-30 11:17:13.395421,44.687068620105386,52.6356022457862,40.90253423701692,46.789478896503155,126
2024-08-30 11:17:14.397315,96.65313629304485,97.85240395873521,93.44515151803249,93.55802669416182,209
2024-08-30 11:17:15.399569,35.14696171722177,39.386286863840674,25.283875602780874,26.529098976624987,340
2024-08-30 11:17:16.401516,31.880615864252484,39.27879467752398,28.476471737860738,36.51742952859676,734
2024-08-30 11:17:17.404051,50.70518719312067,54.715696808499274,43.10490448439208,44.73738609403585,296
2024-08-30 11:17:18.406239,24.735686382056144,33.60230587822728,24.217121029291242,31.00466518199861,127
2024-08-30 11:17:19.408018,75.60705736425597,83.12285780275302,74.56237445311827,78.3355771234187,766
2024-08-30 11:17:20.410231,29.112430779955247,36.62327333594968,25.70954794649464,32.826514872424916,531
2024-08-30 11:17:21.412347,75.70606039545928,79.8722648565909,74.05789574595077,77.34588743237236,494
2024-08-30 11:17:22.414864,25.84410129019511,26.317415700301513,19.189548889774265,20.220300835621078,514
2024-08-30 11:17:23.417156,16.864900497261225,22.236307981881705,10.98036608739735,17.672397073299535,516
2024-08-30 11:17:24.419695,31.481855082788556,36.150219069706466,27.970835877920845,32.398569414909396,821
2024-08-30 11:17:25.421699,21.72634880417149,28.492097805697448,19.40722661167395,21.209899823124978,477
2024-08-30 11:17:26.423631,93.16098252073155,100.46525546935068,85.35772599029882,99.41517587677062,588
2024-08-30 11:17:27.425788,89.08064403214564,95.9626664987013,86.00320451314475,92.97592305425349,201
2024-08-30 11:17:28.428417,35.24349745758227,37.09366053383369,26.32005306886615,27.397681213143297,736
2024-08-30 11:17:29.430274,57.818662461632606,62.714733878227115,55.92318359768486,62.68144052727382,78
2024-08-30 11:17:30.432015,12.155087822286092,18.957404866065474,10.069762235474814,14.418167677873804,963
2024-08-30 11:17:31.434062,70.53534881668703,72.00531661867551,67.73738875130461,69.0355955411262,897
2024-08-30 11:17:32.435693,85.36323329193195,92.47906876493604,82.72366130187386,84.81607281776579,515
2024-08-30 11:17:33.437979,62.62594618210705,71.03523882845771,53.69897415015335,55.55324701371127,165
2024-08-30 11:17:34.443078,6.273153758720795,10.338397867730853,-1.9200563883273176,6.660625538543476,50
2024-08-30 11:17:35.444918,54.72900496948358,59.48365855130747,53.296660100380244,53.90985825064933,825
2024-08-30 11:17:36.446928,50.00702329224068,59.3651987881417,41.87517696651505,57.24345820118464,232
2024-08-30 11:17:37.448890,26.68005758453045,33.022147923424285,16.708368943350568,27.853404663747842,371
2024-08-30 11:17:38.450776,35.48733348175349,35.99831756642201,33.87452833187642,33.96948361397087,696
2024-08-30 11:17:39.453950,38.71317882640077,46.47006996352455,38.18351258517224,45.2502092512263,153
2024-08-30 11:17:40.456112,13.721068494579425,20.391056800412294,6.465222299276959,15.909852833520585,512
2024-08-30 11:17:41.458034,92.53178609284639,95.62089947171565,89.91676835993425,95.41512256719527,31
2024-08-30 11:17:42.460032,21.822567540755568,31.475671552589453,17.26833422542475,21.705359336959383,339
2024-08-30 11:17:43.462573,1.2458161276100443,7.287274806911659,-4.555610975081185,6.9360676025925425,79
2024-08-30 11:17:44.464552,93.43366320823974,95.21032249271978,89.91877210386214,93.51856136531516,341
2024-08-30 11:17:45.467239,67.1678606943539,76.40234047533167,65.69539299112155,72.93766806328883,440
2024-08-30 11:17:46.469969,91.91249147875527,100.66453024616388,89.9322163244274,98.84221429166757,838
2024-08-30 11:17:47.471991,43.012891134104734,51.040634128312604,33.9242712673706,34.342387122562265,362
2024-08-30 11:17:48.473640,45.17266739424402,54.83287245672442,36.24898099041832,39.83558223899552,261
2024-08-30 11:17:49.475454,29.61043885541079,32.86859314473814,28.322019351514015,28.984349308985895,655
2024-08-30 11:17:50.477888,67.0552180887202,74.75942790996037,61.038267719669705,63.97862551162874,140
2024-08-30 11:17:51.479940,55.02287166548122,60.01093941067444,53.595127456433545,59.3582857398212,612
2024-08-30 11:17:52.481769,11.881342595562094,18.42274856816208,3.4928006784346852,16.515575794201226,549
2024-08-30 11:17:53.484415,74.91520247880074,76.50877751739202,74.62683582165084,76.49023559684682,211
2024-08-30 11:17:54.486536,72.7245795443961,81.62366509662658,65.46145725829965,71.7979609754705,529
2024-08-30 11:17:55.488769,81.74832638216772,91.04796413710584,74.30754806660858,80.57765680848739,959
2024-08-30 11:17:56.490751,8.880151633125323,17.954883804620028,6.049564241950279,17.863197969814625,621
2024-08-30 11:17:57.492453,20.032559071479618,25.153666293005635,11.929949204536001,15.076658793136597,421
2024-08-30 11:17:58.494009,84.43334940359166,90.18938515384946,75.85737399244488,80.55883731946254,183
2024-08-30 11:17:59.496089,70.21853853659093,72.00985810462687,66.39583992769717,68.72808675092985,622
2024-08-30 11:18:00.498022,46.38893214777078,49.034253765717686,43.4571855551008,48.03628515054376,552
2024-08-30 11:18:01.500231,5.812665133767025,13.434140278131698,-1.5197387479573354,1.4965014475458145,758
2024-08-30 11:18:02.502117,30.6981474445853,37.50278880062619,23.655914885996573,24.61992256660464,7
2024-08-30 11:18:03.505155,64.2705132577762,69.09431966513544,63.81300702720341,67.19919018279344,375
2024-08-30 11:18:04.506942,34.878372260885335,39.99022047073301,30.20101045189413,31.15320268038629,939
2024-08-30 11:18:05.510328,66.59843734364036,68.19798896499339,66.2160615683232,68.18826182210519,570
2024-08-30 11:18:06.512446,25.116896415185607,27.372323502841184,15.949448569920477,16.469066030481134,780
2024-08-30 11:18:07.514251,8.71678964151138,16.62695816128406,7.153744716428624,14.67688222000169,714
2024-08-30 11:18:08.516021,61.31525874285848,70.69485099782662,51.545621036927095,66.10753815660718,757
2024-08-30 11:18:09.518509,80.78103535950095,88.49705216420257,79.80395012282551,82.21866965789674,178
2024-08-30 11:18:10.520796,30.06758744675765,32.11007095225736,23.330999739711782,28.722594143649783,103
2024-08-30 11:18:11.523130,73.78297586324375,75.25261718759671,66.09811271659602,74.67097838441836,526
2024-08-30 11:18:12.525111,98.53785243094555,98.71496146347266,90.30123599186072,92.07574000135733,699
2024-08-30 11:18:13.527007,19.33273130011314,22.514222851220403,18.5928666421333,21.776947591941312,938
2024-08-30 11:18:14.529287,4.423107871468646,9.440899720362914,2.0601834103758607,5.018530043254861,600
2024-08-30 11:18:15.531207,19.500513528967467,22.740261043522093,15.582200859364898,16.858676963506777,934
2024-08-30 11:18:16.532819,83.20001860356068,84.35568670264382,75.6598546165299,81.5003619165988,831
2024-08-30 11:18:17.535399,0.8186910556910454,4.705568339465639,-0.5922913686286746,3.133416914186197,91
2024-08-30 11:18:18.537640,58.48877918963549,59.88118148419298,52.64195692371037,53.93237711093601,837
2024-08-30 11:18:19.539406,68.88170665313667,75.72842381573697,65.241087288366,65.95582741575306,140
2024-08-30 11:18:20.541191,12.998591978483143,19.72002766426403,7.35314868419792,12.055750561654612,767
2024-08-30 11:18:21.543169,28.934772529036213,38.58345445510739,28.90553405266508,37.28016794952613,844
2024-08-30 11:18:22.545086,81.7006133562862,86.10743349590327,78.83442188377676,82.8189921700657,660
2024-08-30 11:18:23.547812,2.6637076996521736,9.138877650034322,-1.8253964270435392,8.304309103546943,593
2024-08-30 11:18:24.549916,48.43967213210975,48.57243033578248,44.95024033441828,47.3508709811642,730
2024-08-30 11:18:25.551967,90.26302945091487,98.37113547872731,82.28297852037934,92.60697126181852,526
2024-08-30 11:18:26.554183,67.17835773289733,69.63280847663874,63.47495700490465,66.0531260880747,683
2024-08-30 11:18:27.556025,70.61352974228649,78.40849146178965,63.92092037531546,66.63185186634033,728
2024-08-30 11:18:28.558366,9.115973117021102,11.551051449310485,6.322834954974008,6.84441053980137,784
2024-08-30 11:18:29.560241,84.55567618507217,85.25723219396532,78.0142110877904,84.71583484120139,764
2024-08-30 11:18:30.561994,26.22938158076682,35.751464881600086,25.37838839068901,32.76573624081063,467
2024-08-30 11:18:31.564081,58.83600007847745,61.1293835780162,50.527349893025686,55.72367408559307,704
2024-08-30 11:18:32.566176,26.94223727501098,31.79956186590007,17.303198753444534,27.149256106585412,294
2024-08-30 11:18:33.569010,31.115338475961074,32.903460878523774,30.8951970432767,31.199251473826653,726
2024-08-30 11:18:34.570842,47.82275402036936,56.563787312755366,41.393953833516775,51.931393478423495,475
2024-08-30 11:18:35.572500,64.96963558557613,73.41956370826144,62.46396709647581,72.51060672550659,169
2024-08-30 11:18:36.574697,9.799089854575483,18.974936099048087,4.725174900429282,13.371193458817622,827
2024-08-30 11:18:37.576630,0.8769786981973282,7.382921283732513,-5.219879517091693,4.3156661729562025,474
2024-08-30 11:18:38.578792,31.27951125209183,36.815719480399025,25.548873504601048,35.828969083811955,481
2024-08-30 11:18:39.580642,92.1302549738617,95.36394519030536,88.21490776196747,90.9172428902979,494
2024-08-30 11:18:40.582864,57.44001164624323,66.42547327582258,52.86395739495275,56.34379302438339,814
2024-08-30 11:18:41.584579,85.25911549911861,94.95870039770396,75.65087158585895,90.00487414416948,8
2024-08-30 11:18:42.586695,93.62860977188733,94.91559104611986,93.30426995106602,94.39631262917597,602
2024-08-30 11:18:43.588462,36.60323658371607,44.83571667630016,32.65411060657327,44.53564942499344,268
2024-08-30 11:18:44.590721,39.85465839851755,40.17390675353212,35.98719385730486,40.10548278051506,104
2024-08-30 11:18:45.592282,76.98742596208473,83.73604769613617,76.3331035702631,81.14288954894607,885
2024-08-30 11:18:46.595580,71.78449587027897,81.34912609644839,68.51463473538915,75.59017583085175,622
2024-08-30 11:18:47.597747,39.639294803588896,41.98570122854362,38.31898021647729,40.02474435866327,127
2024-08-30 11:18:48.601108,59.94184384486585,62.96355292559069,56.17630330867225,56.6965406064724,575
2024-08-30 11:18:49.602958,5.744929391669129,13.219246100273496,-3.6208658620276024,6.704955781409482,528
2024-08-30 11:18:50.604982,31.877070232584835,34.755358937039176,27.615681704222297,32.50280482099449,185
2024-08-30 11:18:51.607245,66.08402513925505,71.94339347701857,58.72282335716917,66.39504687228879,596
2024-08-30 11:18:52.609345,8.911448507011466,14.05707353493062,4.970661400460671,10.996250822439848,503
2024-08-30 11:18:53.611682,47.480257302406095,52.46312176412397,43.376943210759606,47.619725010288334,521
2024-08-30 11:18:54.614234,84.09489632993139,92.98735760686148,76.69062327424932,88.87296258612207,700
2024-08-30 11:18:55.616179,67.26238065875208,73.60460871519444,63.62004202095803,70.1343910531709,667
2024-08-30 11:18:56.618088,15.931075813952344,23.853430557986925,13.935832825655982,15.050749457088358,414
2024-08-30 11:18:57.619883,54.403729860722905,54.987805866485,53.814113921079965,54.685158711735895,45
2024-08-30 11:18:58.621612,36.10766051164915,42.536792173915764,30.22309847346955,39.10498218079656,956
2024-08-30 11:18:59.623308,34.19742665256889,36.39309240234657,33.17123191407006,35.30983225518926,557
2024-08-30 11:19:00.624890,33.16282871344281,33.66676262457946,29.26254631890121,31.710971872585986,286
2024-08-30 11:19:01.627389,84.63799208526402,86.07850838064958,79.68111238997831,82.89725513537671,816
2024-08-30 11:19:02.629370,36.249658676095684,41.401482344183464,34.559936025669515,41.037355730041554,157
2024-08-30 11:19:03.631211,36.273866280198085,36.34333832927734,30.475459669538957,30.70809714878678,645
2024-08-30 11:19:04.633384,95.85477180942034,95.91490776530759,90.54918026724359,93.10536703131136,94
2024-08-30 11:19:05.635471,24.186824816181907,30.603507348320406,15.71161151468078,17.595025010722242,665
2024-08-30 11:19:06.637498,0.5135006455139091,4.309649427926535,-3.2033663113439546,1.012664203872386,614
2024-08-30 11:19:07.639378,50.569007486436476,56.31909853329665,41.27948707914044,46.051006894287966,424
2024-08-30 11:19:08.641320,27.053338352668334,32.496502758029784,21.565450454231737,25.409058839539234,506
2024-08-30 11:19:09.643863,85.51855569250829,92.62693445659629,81.31396788930533,87.32819072202449,692
2024-08-30 11:19:10.646467,23.473949994550846,25.36247767616498,21.02684105134177,22.30846609580145,930
2024-08-30 11:19:11.648115,46.83222705096309,52.88458942650854,43.622222193863074,51.763734530140084,463
2024-08-30 11:19:12.650327,29.671744097917387,39.009173800724525,23.51120906134574,25.204791321768923,894
2024-08-30 11:19:13.652819,95.67507783377461,98.58360999383366,88.28433151202105,97.60779992508564,804
2024-08-30 11:19:14.655501,59.54810828091688,66.72273552141753,59.246373798366776,60.67625960025553,754
2024-08-30 11:19:15.657494,8.115660504269673,15.529319924657132,7.065286640825292,10.812549943477418,649
2024-08-30 11:19:16.659800,24.19054084836121,28.784694173647626,17.325187679303784,27.331522321501257,428
2024-08-30 11:19:17.661363,77.22939224266491,77.51244142443049,70.0399859813719,74.66401087538631,90
2024-08-30 11:19:18.663646,50.76835433576484,59.451745772693286,44.7908121968961,46.36806029996054,367
2024-08-30 11:19:19.665610,31.025657453890076,31.91051629660767,26.30810609680297,29.599624206724336,687
2024-08-30 11:19:20.667334,55.52532242637665,60.102974623917866,48.07264132714391,56.74979722928595,219
2024-08-30 11:19:21.669894,41.350524516436984,48.65922362565197,32.138521132151276,40.94716112696178,984
2024-08-30 11:19:22.671988,81.56211798050515,82.03368364654335,72.4709377389589,73.70326901145872,411
2024-08-30 11:19:23.674093,73.35487784946956,78.54403841441068,67.03437261362542,72.31162852870136,546
2024-08-30 11:19:24.675800,19.625651094453676,25.36484972628987,18.906778345916667,24.99901252427088,643
2024-08-30 11:19:25.678992,59.95128906030269,69.76876532662732,51.43901440242271,59.588576991639194,799
2024-08-30 11:19:26.681166,92.30494721795651,92.74133409517144,92.11875505238392,92.18932382808076,263
2024-08-30 11:19:27.682829,87.15352641574337,89.97557111911104,78.41957097536252,85.87368236675933,189
2024-08-30 11:19:28.685074,26.862688320812154,28.609004022768556,19.86348738791403,22.431391262457144,801
2024-08-30 11:19:29.686875,47.33954934050145,49.563770046654234,45.96103238186586,47.56343245354258,674
2024-08-30 11:19:30.688666,35.111181247427794,36.48781090422181,25.228432030148966,27.594533970707573,980
2024-08-30 11:19:31.690701,71.70911082652566,79.7932247884943,63.098156918311936,76.50415894177999,537
2024-08-30 11:19:32.693697,41.095391301038845,46.71283550783311,34.50594127858781,39.43805723579396,516
2024-08-30 11:19:33.695379,21.285676508365892,26.377160897311924,18.396729787239813,19.049160770832906,428
2024-08-30 11:19:34.697477,13.031282156167801,19.914408849088137,6.003504772446949,13.051559742027083,353
2024-08-30 11:19:35.699199,3.059184264772463,3.6051958186355293,-3.587307259386441,2.0296634986246915,554
2024-08-30 11:19:36.701357,55.3745306982963,59.215998445974144,51.80675419238442,56.32092653731485,43
2024-08-30 11:19:37.703354,37.93530370441837,40.41132563796078,32.944776951716314,34.945852015758504,182
2024-08-30 11:19:38.705336,3.5373097126990327,10.585190960342029,-1.4388357287613367,8.354739580536677,200
2024-08-30 11:19:39.707504,35.61802458763239,39.16369671768361,30.793649580801386,39.12465355545064,394
2024-08-30 11:19:40.709274,7.77808744142331,11.422335400049786,0.5177843944069309,2.4692520006529626,102
2024-08-30 11:19:41.711359,5.8275030182339265,14.76283778845909,2.2723407996853275,6.541536737994784,143
2024-08-30 11:19:42.713233,81.5212969482983,90.75343338854827,77.78804645930745,86.24421507589611,167
2024-08-30 11:19:43.715488,99.7391398849715,102.33425136625816,98.03087736305858,101.2645604182266,664
2024-08-30 11:19:44.718049,12.022431219036122,21.4435323769925,7.102049262550571,10.706595676260745,636
2024-08-30 11:19:45.720161,63.5603082513238,68.74286478161669,55.02858015111838,65.64368725827987,240
2024-08-30 11:19:46.721942,63.819853958461756,71.19437900678719,55.5092904085969,61.43484143214453,304
2024-08-30 11:19:47.723629,52.63088359249395,56.97827469899791,44.276113597355405,56.89818633507642,285
2024-08-30 11:19:48.725445,44.72793741438004,47.2940400320321,40.510785385290916,43.301679731743626,354
2024-08-30 11:19:49.727449,40.578552965761226,40.84144948254712,39.11838529980086,40.77365767076249,734
2024-08-30 11:19:50.729262,98.36419634266383,99.56715862083279,98.23611310715197,98.60075589042488,209
2024-08-30 11:19:51.731262,8.093930441325437,12.18658289441884,6.489924492659728,10.210067702336634,40
2024-08-30 11:19:52.733603,88.63190835202413,93.88621993654061,78.76139615810442,81.70586353426282,82
2024-08-30 11:19:53.735769,96.9452338430287,98.66142499527284,87.44998685871218,97.00642122630141,673
2024-08-30 11:19:54.737545,56.164228637355976,65.68841709723988,50.509877489357635,50.5457599730416,736
2024-08-30 11:19:55.739294,75.62272000618121,80.23318886119995,74.06468033622055,74.75587663901952,944
2024-08-30 11:19:56.741239,35.75238503574795,45.0339102477975,32.35864392000353,42.97521602082092,170
2024-08-30 11:19:57.742889,28.005189849183044,32.094567338772485,26.846589490485556,31.1355049955344,114
2024-08-30 11:19:58.744580,52.87088039033768,59.11982126991761,44.960198619245205,57.26297563336376,901
2024-08-30 11:19:59.747338,21.908585906513135,29.8141302158475,20.025056302364472,26.71483608564828,964
2024-08-30 11:20:00.749531,15.059797601387647,20.482595560752767,10.646684187379684,15.799122508151093,441
2024-08-30 11:20:01.751025,14.275335489104869,23.853252651138014,7.627062072697376,21.471686569921356,852
2024-08-30 11:20:02.753671,48.14142718327285,49.22453336799096,38.70763898329085,41.390001935095725,406
2024-08-30 11:20:03.755957,60.30165394926104,60.5511696740654,60.00492932292792,60.42519188120387,366
2024-08-30 11:20:04.758041,71.3969657452735,75.39307401408679,63.70717445351615,72.87506404828207,971
2024-08-30 11:20:05.759810,25.86763962055304,32.84690982133889,17.360508898347184,21.818133975298053,465
2024-08-30 11:20:06.761887,64.08187237096328,65.27138749697447,61.183159824409614,63.37056576213115,316
2024-08-30 11:20:07.764174,37.58618150512045,40.406966499475836,30.849973613780268,32.661871717195424,980
2024-08-30 11:20:08.766226,21.98350123340247,28.482154842371454,15.854174518656528,24.44714545646643,963
2024-08-30 11:20:09.767849,25.033055815256724,34.194554501660555,18.693949361814347,28.32350366281142,583
2024-08-30 11:20:10.769783,94.74248504464462,97.70312288131343,92.78113039033092,95.87583049419293,569
2024-08-30 11:20:11.771719,53.260691456567855,55.32433153368855,44.471410197116256,48.83689314109326,81
2024-08-30 11:20:12.773914,24.269883708392438,30.685529666442065,21.501731347844384,28.465589844678927,517
2024-08-30 11:20:13.776259,3.7789343722665847,10.70610865601216,-4.0520210298235995,0.5287610090976598,742
2024-08-30 11:20:14.778406,89.56297580499445,95.02203773347689,88.55045210288695,89.67904742455094,833
2024-08-30 11:20:15.779965,8.111857243978616,13.223884125291175,-1.381454587615485,7.522496548992194,779
2024-08-30 11:20:16.782332,22.597073814558556,24.92163651311526,14.952522166561979,22.155770626284117,98
2024-08-30 11:20:17.784422,37.634040164640545,46.773395313384285,32.74418629939014,42.2539021757474,52
2024-08-30 11:20:18.786435,82.67622355520601,82.73160083760169,82.18185770895906,82.70659791292356,458
2024-08-30 11:20:19.788720,25.719021801125418,29.983864242594798,23.638203919173918,28.952570825574345,817
2024-08-30 11:20:20.791270,53.01445382818633,56.931032436211396,49.820824270512425,51.80656174560524,506
2024-08-30 11:20:21.793296,57.452513028230555,66.61023718191774,54.108231759671305,58.871478287679416,637
2024-08-30 11:20:22.795233,55.76005624316475,60.894639981897335,46.47713803344721,58.3608224756305,13
2024-08-30 11:20:23.797106,32.528488335458874,41.52157694312106,28.772440846892053,30.61188417402643,954
2024-08-30 11:20:24.799868,99.3792375476531,103.57323598750948,94.05815172848175,102.32441139142648,683
2024-08-30 11:20:25.801622,92.30423781951436,92.34080297992824,85.24717741525916,91.00646826193487,412
2024-08-30 11:20:26.803656,48.68930961902864,53.425695178294866,48.090272505637756,53.294771130598114,695
2024-08-30 11:20:27.805477,18.704789261124766,22.312077238520978,17.731078218989293,18.26653219334674,697
2024-08-30 11:20:28.807111,26.812740306128802,31.41739414952088,25.313163337476222,31.394099244407343,800
2024-08-30 11:20:29.808734,44.88744937246094,54.375348938012316,39.21786691578842,40.54589411626159,495
2024-08-30 11:20:30.810694,39.29392257215011,42.49745524002075,36.84568558651819,39.10228385909157,939
2024-08-30 11:20:31.812547,79.76215397873784,86.79594650633373,71.67415637703202,75.66566362327953,171
2024-08-30 11:20:32.814816,52.68417344868887,61.93036430259698,43.02434073687155,58.50130725500342,900
2024-08-30 11:20:33.816575,75.88917281670945,76.85125084252827,67.8024866759943,70.30243622391556,280
2024-08-30 11:20:34.818155,89.62238803586135,93.53020115071118,80.18283347794114,85.54559723267315,383
2024-08-30 11:20:35.820229,67.01840104254185,71.9356920618253,59.086016762863906,60.52353816792931,47
2024-08-30 11:20:36.822195,81.57211933561929,91.1193511361307,78.58442430647406,83.9179190061405,959
2024-08-30 11:20:37.824802,72.4369907234381,72.93615611893487,72.3822282197462,72.77750683780826,581
2024-08-30 11:20:38.827305,92.31818952526096,98.73361363021158,86.08239115185597,87.12706920882768,259
2024-08-30 11:20:39.829484,20.78791464050903,26.005340249966245,12.729160677957392,18.984609036649566,31
2024-08-30 11:20:40.831753,66.13544124889434,72.64755014631038,56.635158271692035,65.02861762872314,788
2024-08-30 11:20:41.833746,15.169225810976172,16.588027847744655,13.728977156875642,15.31395611995715,147
2024-08-30 11:20:42.835805,8.137371982644314,15.7064555047142,7.287509645344314,7.406706593649504,217
2024-08-30 11:20:43.837448,27.73294323792709,29.452491894363867,27.663245760151966,28.627515195365394,22
2024-08-30 11:20:44.840018,27.027132527619703,34.144799121832996,24.507407261771643,26.530362153018,430
2024-08-30 11:20:45.841812,91.92289295982829,99.0611357723334,89.64082492305057,98.03731542373654,441
2024-08-30 11:20:46.844111,16.88874766525863,16.946417668842876,13.761282098483925,14.292480783600032,392
2024-08-30 11:20:47.846085,8.846102352368723,16.63023805031063,3.9940182980872327,15.368610178514373,517
2024-08-30 11:20:48.848052,60.27914960526758,66.47789283481437,52.24523819044276,63.05017217233231,150
2024-08-30 11:20:49.849601,2.4589804556040096,5.04844912580441,1.3034848747899874,2.437542088452248,824
2024-08-30 11:20:50.852323,52.42448322357666,56.55986795918719,50.285374246031765,52.93262343497587,885
2024-08-30 11:20:51.854428,64.87369179179261,65.54838503203963,64.36495677913817,64.75025417269113,612
2024-08-30 11:20:52.856946,24.07850736584146,27.925102119679632,18.71005443062836,23.992742381541845,887
2024-08-30 11:20:53.858584,37.9953747097027,43.660028788860195,33.58213944898696,34.518099754143876,307
2024-08-30 11:20:54.860144,2.582614153627727,6.048657553196673,1.7570776387131593,5.447735487027914,410
2024-08-30 11:20:55.862283,34.190868782866545,38.622057743122966,30.969999923360806,34.852295965313196,484
2024-08-30 11:20:56.863989,64.4819418741864,68.50977461541024,62.379328834884774,67.24910702721124,80
2024-08-30 11:20:57.865670,71.26554620968281,78.89610222858511,65.1699196696662,68.23643317774592,12
2024-08-30 11:20:58.867750,38.14548259165286,41.58274255814196,35.326839827127685,40.90326421053755,91
2024-08-30 11:20:59.869898,59.88622056330358,66.36414405618272,57.13480611094981,61.90292465388261,715
2024-08-30 11:21:00.872072,93.4569419248078,97.56514696890676,93.30042565476866,94.60970627016682,806
2024-08-30 11:21:01.873751,32.07182311543533,39.587690414225435,25.66780913352853,34.52152303340114,732
2024-08-30 11:21:02.877018,36.02287381672022,42.50391951458492,35.88065192195794,39.581111742844,925
2024-08-30 11:21:03.878811,51.38140854188335,53.704160041128496,41.42422681346347,47.8576871592101,591
2024-08-30 11:21:04.881344,54.57028319050167,57.62736779986425,53.809368181077176,55.418346331332124,104
2024-08-30 11:21:05.882815,9.72839995363689,9.955785882117251,7.0941365638336356,8.637358223221787,567
2024-08-30 11:21:06.884704,3.656082892158652,12.291344993506495,0.6245231656246353,7.80284886594546,260
2024-08-30 11:21:07.887088,4.204286330227324,10.26649477219556,-1.4740813024131203,1.6129909602667079,9
2024-08-30 11:21:08.888847,36.249015183040825,37.4434117122059,32.08178218728158,33.34284093289044,376
2024-08-30 11:21:09.890666,60.72353772651019,64.84175066876611,59.78858909300551,64.36623781309012,917
2024-08-30 11:21:10.892447,19.307407577501667,28.1626580758373,16.47519339174421,18.093461539255465,20
2024-08-30 11:21:11.894514,53.45033256253976,58.26376261446384,49.398555199685724,53.38670920864466,559
2024-08-30 11:21:12.896998,8.828890383987687,17.468678543361747,6.839830699495414,8.695377159522966,435
2024-08-30 11:21:13.898668,77.57889255530536,82.10278045943762,72.64489366136299,75.90125539566601,990
2024-08-30 11:21:14.900730,7.9750165255725864,9.945612000297437,7.53561330213148,7.675198759162249,400
2024-08-30 11:21:15.903002,25.647656550092158,35.58220488880623,24.35684146527597,32.71741128720177,381
2024-08-30 11:21:16.904958,5.036498637050546,10.412590566741773,4.976422335026723,6.0234076944584185,331
2024-08-30 11:21:17.906824,79.72371685684546,88.43718612192865,70.0907742842589,78.7558927106713,537
2024-08-30 11:21:18.909077,77.37254137069898,85.68599206048812,67.54812168019781,70.64111747212264,575
2024-08-30 11:21:19.910880,13.454790837441843,20.762373798729065,7.9495385569038195,18.326803502418386,56
2024-08-30 11:21:20.912988,54.47578766008585,60.66323885830758,50.428629428732336,51.345317231307575,785
2024-08-30 11:21:21.915028,96.92103468795818,98.49314585049098,94.3894072988209,96.77672963861303,13
2024-08-30 11:21:22.916728,60.28677412073807,61.45181465449338,57.61912018438141,57.72762620698039,568
2024-08-30 11:21:23.919555,14.676126511005428,18.66392402712201,6.285377664385331,15.540448824631977,674
2024-08-30 11:21:24.921290,55.36980976293051,59.34173276334779,48.68386729361583,54.321473352412404,58
2024-08-30 11:21:25.923205,46.689566505298764,55.28783909551396,37.66515753645086,51.57221081896284,539
2024-08-30 11:21:26.924993,41.80037365353465,47.20810040126804,39.80102286829937,44.124190927451586,926
2024-08-30 11:21:27.926917,85.70850303490504,91.64082967220521,78.84106512691105,86.99963683790295,82
2024-08-30 11:21:28.928428,66.49277371871555,74.80471621966171,58.12501354481302,61.66405348908126,92
2024-08-30 11:21:29.930033,30.158797096985325,39.29260562959475,30.128508938573127,37.593659930975086,379
2024-08-30 11:21:30.931610,84.07667314918534,87.3780599310762,82.52606649049262,87.2274698507017,161
2024-08-30 11:21:31.933642,80.99211444442938,84.07456213744962,78.18098413017225,82.9853074378317,843
2024-08-30 11:21:32.935814,16.775376030555822,24.904443301411487,13.601138578737078,23.267277137166012,164
2024-08-30 11:21:33.937160,46.93050830401295,48.592115901037594,44.91529232807478,48.04704132092093,224
2024-08-30 11:21:34.939258,53.23740722125924,61.04768099845306,48.63048485691816,58.04236161432012,674
2024-08-30 11:21:35.941367,58.57813545899669,63.76467258040934,50.37394995122897,63.54871853283808,882
2024-08-30 11:21:36.943430,59.87074471328696,59.88641226911,57.70974571324946,59.514619243694995,583
2024-08-30 11:21:37.945400,99.6903039687684,106.14248061230538,99.56170290960326,102.09887813698641,9
2024-08-30 11:21:38.947438,88.40624453537387,92.65819902504312,84.42632056380454,85.26660476842322,772
2024-08-30 11:21:39.949283,89.75944674138839,92.39739864409012,87.51268657376248,87.79743448681906,458
2024-08-30 11:21:40.951180,26.563250717841214,28.48486656473533,21.218299024955027,23.000001747536825,174
2024-08-30 11:21:41.953169,46.89830049830383,51.07062639266446,37.148284846156855,46.60390144093063,19
2024-08-30 11:21:42.955431,67.32231250146793,71.04136867208702,59.282816147140196,61.90637692232777,929
2024-08-30 11:21:43.957186,4.152884522547939,12.392550574968563,1.3661089611255073,3.310278419873493,504
2024-08-30 11:21:44.958710,4.743989384417291,6.548729695257146,-2.4183287582064272,0.059064323538657426,141
2024-08-30 11:21:45.960587,9.850798408547433,13.0235703658415,2.9687055356420844,3.4176049612020716,28
2024-08-30 11:21:46.961980,61.198640167037574,66.83842064998672,59.70453047868677,63.08543888248295,642
2024-08-30 11:21:47.963755,3.1681608697384234,6.893320999820663,2.389936305591096,5.375666784949973,928
2024-08-30 11:21:48.965725,17.653927286590477,25.211302477253398,16.897881591331096,18.906891643988356,216
2024-08-30 11:21:49.967437,22.129443496690083,24.184967072875427,15.94408143466649,18.003553865990757,258
2024-08-30 11:21:50.969011,27.78705988565042,31.885094312169443,25.77306310009116,29.648343803533738,413
2024-08-30 11:21:51.971248,64.54586891919391,71.8842285082176,57.91175185011093,68.54810595057114,806
2024-08-30 11:21:52.973022,0.9183446069839452,7.395606231391207,-2.5169700885848814,0.11318253543559997,470
2024-08-30 11:21:53.974920,8.183339411346402,12.34555678778646,5.709987813931196,6.845299007677498,347
2024-08-30 11:21:54.977574,41.16093301755816,49.00720827848817,33.680869502923926,46.55300518070876,240
2024-08-30 11:21:55.979526,13.025327732732617,21.56032017398055,4.661361273861184,5.75293399053283,978
2024-08-30 11:21:56.981027,90.19779425877529,91.47213503013897,83.86865352356533,88.69679681526176,199
2024-08-30 11:21:57.982817,54.68745046620376,56.69383219371388,54.330609187622414,55.463133230717766,98
2024-08-30 11:21:58.984665,27.485122535896565,30.90565707213268,19.257271611810282,29.466237788719223,255
2024-08-30 11:31:31.339550,71.46956433950362,79.39839329809476,67.27359347691358,73.83430822528787,689
2024-08-30 11:31:32.341717,20.152946516589655,28.491733087052772,15.572432893928012,18.132997511355953,206
2024-08-30 11:31:33.374662,71.98406804362286,81.4088419536509,67.88713137748353,68.06384499197918,640
2024-08-30 11:31:34.409834,12.712750850144051,21.62734627222917,8.915716689991424,11.27830438665533,497
2024-08-30 11:31:35.412003,82.82827694481949,85.7631483851968,80.01797496237407,84.17321325937657,60
2024-08-30 11:31:36.414828,99.3979115426898,108.05489506817061,97.14533123410297,98.88326505043212,784
2024-08-30 11:31:37.416700,97.27301777596725,97.4500967160532,95.55349218037126,95.63340807099189,981
2024-08-30 11:31:38.419128,45.01844943519223,48.731878669422464,36.43413651839476,45.5191630034025,438
2024-08-30 11:31:39.421648,23.02718622644622,24.76947267487223,21.28950096297592,23.01823046548979,257
2024-08-30 11:31:40.423924,4.71855148955751,12.194746405117336,2.4350767254325056,6.0247148700116515,716
2024-08-30 11:31:41.425907,34.99889473341864,35.53510785092656,34.0218303554321,34.83918147178572,293
2024-08-30 11:31:42.427484,43.040446937676776,45.76364666509767,36.2103338337194,37.57692684849093,433
2024-08-30 11:31:43.429663,46.679580885728456,47.88244506638902,41.22925543026609,42.42280562824106,167
2024-08-30 11:31:44.431534,13.082398460685951,20.055757789750775,4.641213211107997,8.0446931665634,418
2024-08-30 11:31:45.434235,65.48835985012413,67.84660722319745,57.84627782931816,66.22776589232731,287
2024-08-30 11:31:46.436220,14.229942072677005,23.6876815149756,8.657692439803512,16.38355768407626,774
2024-08-30 11:31:47.438334,28.91717047827416,36.30490550100738,27.058017614775057,29.9705616388205,937
2024-08-30 11:31:48.440567,54.64814322383907,61.70644860333551,52.767794603207165,56.333061997925164,75
2024-08-30 11:31:49.442511,56.52280828272691,57.812464535123475,54.29929422429585,57.63585820979517,916
2024-08-30 11:31:50.444293,74.36269082407627,76.18131104059508,68.17874587294173,74.20961562388317,120
2024-08-30 11:31:51.446296,53.66360603047775,62.08841755818916,45.51788645103546,46.317118964459304,759
2024-08-30 11:31:52.448254,97.44355566515891,107.31850000786126,93.78278865571163,95.70035573160179,792
2024-08-30 11:31:53.451106,76.27627629235336,82.7436406204476,70.9881204365072,79.19425743859412,719
2024-08-30 11:31:54.453260,73.87973123881005,77.39622118992321,72.48765357905873,74.4114684393165,137
2024-08-30 11:31:55.454848,77.44180973949882,85.3710264367897,69.81776899934259,80.88467106665078,827
2024-08-30 11:31:56.457228,33.80894616768833,39.64305025313299,29.438762743035902,35.77483061886288,236
2024-08-30 11:31:57.459298,59.01451590612562,64.1528007418822,54.4460213198454,63.13505200868009,116
2024-08-30 11:31:58.461616,33.473917430802615,36.059537287286986,27.16996572838161,35.77799472215429,139
2024-08-30 11:31:59.463923,72.5661128334997,74.06229819499548,66.94385241192325,72.27136660354067,461
2024-08-30 11:32:00.466444,0.7499086956798684,4.37847361585667,-7.711093596955012,-0.08936352987714802,437
2024-08-30 11:32:01.471755,16.9892932960792,17.145715701399197,12.90905646053611,16.337350529081665,54
2024-08-30 11:32:02.473808,9.688756631074668,16.320163388442126,5.4893818476540055,6.040740134069229,444
2024-08-30 11:32:03.475649,50.34891527388163,60.27547216283642,49.4881772111562,56.596282266197,946
2024-08-30 11:32:04.477336,10.30838685763401,18.986347915994877,0.9185168930828773,18.43625973875674,144
2024-08-30 11:32:05.479387,36.38601916688404,44.460267167484076,27.56032069595762,42.87221309415466,929
2024-08-30 11:32:06.481288,77.44138951132106,81.77410297408491,74.37574188071254,76.559894857446,808
2024-08-30 11:32:07.483223,26.871127410369176,27.93687391595168,17.44966626347593,25.5898993763048,967
2024-08-30 11:32:08.485553,60.43567688392287,62.098018770228435,52.960402010206664,56.63463001332183,552
2024-08-30 11:32:09.487633,15.902649361657506,17.647783974374214,9.818357830587114,15.543405260452577,872
2024-08-30 11:32:10.489773,96.96467382662239,103.56921471907056,95.51989312387066,98.71521061364774,741
2024-08-30 11:32:11.492018,63.82302865559527,68.30028829542074,60.577087007000635,61.14319882502898,874
2024-08-30 11:32:12.493908,4.72410911277662,8.006728143903153,1.47395950184137,2.7208497837017274,708
2024-08-30 11:32:13.495841,20.060902754991194,28.21280163566645,16.952457897126024,25.92655429445366,27
2024-08-30 11:32:14.498025,62.68572759663714,70.71383519681288,53.05729568436854,64.17054062300677,538
2024-08-30 11:32:15.500202,28.841867645561603,36.87952617091608,21.39331124940698,21.412284707816053,271
2024-08-30 11:32:16.503258,84.86478677280522,94.74896305518811,82.33040263153045,91.75627816115623,129
2024-08-30 11:32:17.505124,32.25172179804717,32.84147106061605,27.957401075932474,29.333472421326974,152
2024-08-30 11:32:18.506822,55.89683616435709,56.80215249102171,51.07090754373379,53.85819493100239,986
2024-08-30 11:32:19.508680,26.12208404433346,30.147892980955593,18.222649294872408,29.043874300594545,18
2024-08-30 11:32:20.510548,80.23069175929572,90.06277239263903,76.194335212512,76.2739614576983,381
2024-08-30 11:32:21.512134,88.30168659671688,89.56853647159757,88.23806123795529,89.54366648338325,214
2024-08-30 11:32:22.514379,1.7385526526035533,6.183406052940629,-7.53719259588993,-1.2133082274068547,168
2024-08-30 11:32:23.516623,90.46354002709258,93.41156148519808,86.54603466545731,91.75886635422168,183
2024-08-30 11:32:24.518670,3.118228223626718,6.76877846335424,-1.8463478353876641,3.389939509120856,159
2024-08-30 11:32:25.520650,63.22666391786036,65.37150139229217,58.70918754345973,65.1266212716906,479
2024-08-30 11:32:26.522820,66.81221987660709,75.99422755181817,65.68145396521618,72.6382101824972,767
2024-08-30 11:32:27.524927,24.926804896965283,29.12141718768012,24.029099331592516,26.11844164236206,879
2024-08-30 11:32:28.527520,1.679660418212825,4.7615072533702385,-1.066725300228192,2.4815833366215823,476
2024-08-30 11:32:29.529690,17.751083057264474,20.791010511824737,15.796643987218642,20.015097863921113,384
2024-08-30 11:32:30.531403,12.060214009333347,16.124956203768626,2.180628025214432,10.238725620277835,901
2024-08-30 11:32:31.534287,67.78635436316716,77.30671623820626,60.70390185563281,72.12511856207229,712
2024-08-30 11:32:32.536241,27.095020309108342,32.73275971636335,19.25590675486515,20.794037557809375,159
2024-08-30 11:32:33.538474,85.12130040613839,94.11519375377017,75.7788716738751,82.51505671578764,192
2024-08-30 11:32:34.540826,44.95107371553437,54.24596151815588,35.218273052871034,48.538691262835236,184
2024-08-30 11:32:35.542405,59.89625225315185,62.298715561409416,56.01929006598651,58.11993208913605,728
2024-08-30 11:32:36.544516,67.94028758973035,72.72080757734633,61.79940533556678,72.5597038772832,780
2024-08-30 11:32:37.546486,38.4833307245127,44.00864414470085,28.538106169780164,33.96688822911368,784
2024-08-30 11:32:38.548193,3.6714467670899253,4.580709788685224,1.8256128775417302,4.495947661162354,99
2024-08-30 11:32:39.550170,50.03464953381772,59.40988053593912,47.59463679010012,55.45745971696957,154
2024-08-30 11:32:40.551779,2.7519479794397284,12.484326233159114,2.08830360744352,12.157944973084959,519
2024-08-30 11:32:41.553998,74.3195300409958,78.28192977569147,71.2175162467341,77.65911316404174,601
2024-08-30 11:32:42.555962,94.8410997474147,95.86728888918128,94.10988828072011,94.89079248468614,580
2024-08-30 11:32:43.557512,24.7347788339108,30.026305729079397,17.473319744918122,19.917457940689605,234
2024-08-30 11:32:44.561893,63.85930666978212,65.93820566550698,60.22586292126561,62.57326561092961,420
2024-08-30 11:32:45.563503,14.827428889693461,17.174380827250953,11.59557329180512,14.344033725239486,739
2024-08-30 11:32:46.565694,28.915030924678508,37.0109819951348,20.158503842171104,32.23397516792926,908
2024-08-30 11:32:47.567349,68.27216896410835,68.95199363602663,63.63757739108678,64.37445694313604,707
2024-08-30 11:32:48.569533,71.82296238232053,72.81241569436118,70.80638308314371,71.64271263915077,555
2024-08-30 11:32:49.571244,77.7396655893022,87.68304412933941,73.13092484775954,86.46930772864826,488
2024-08-30 11:32:50.573026,65.69091652173701,74.22294239883196,64.06608070652806,70.9829223870565,742
2024-08-30 11:32:51.574970,28.039982790271935,36.10884332148537,22.857152059353357,36.01366006312313,662
2024-08-30 11:32:52.576734,79.2469724817761,81.50358955514477,76.39553024523292,79.50170571114305,204
2024-08-30 11:32:53.578623,3.1171207059272565,5.6775105217143675,-2.3925219534254585,0.6187665677091378,68
2024-08-30 11:32:54.580626,88.95469320696382,90.33099434868932,87.63295573762477,89.60349385428567,202
2024-08-30 11:32:55.582455,1.8238278671330543,8.297863484666093,-4.240077265263611,-3.0917469640606865,630
2024-08-30 11:32:56.584826,45.4673568946746,53.273889297484146,40.81421841672454,47.29530656670009,555
2024-08-30 11:32:57.586835,14.658368860552951,23.642118657806613,5.864841121723998,22.895376853938167,596
2024-08-30 11:32:58.588719,55.3037412375051,57.242038093347325,46.75069769631199,51.200335061701026,849
2024-08-30 11:32:59.590667,79.81841764275794,80.40881894196268,70.47249505904594,72.91958932824694,618
2024-08-30 11:33:00.593140,97.0526966306771,102.72612812032371,95.3902173938491,101.96279499044108,820
2024-08-30 11:33:01.595699,69.91273824200394,76.58839131834347,64.15074883432408,65.47538117664196,912
2024-08-30 11:33:02.598539,59.58383116573667,59.61909985162438,54.09679557183645,56.8290372856298,923
2024-08-30 11:33:03.600690,62.29693971302373,67.26377465629426,53.44378280142628,57.96863670149502,546
2024-08-30 11:33:04.602740,63.77976248463935,72.43238089518984,57.46095913208121,72.10793630712618,533
2024-08-30 11:33:05.605111,33.443200547972594,34.582413218029764,29.5056394931375,33.82978209548232,178
2024-08-30 11:33:06.607530,87.64476447517782,95.19796379856034,78.18495968023763,89.59912251552208,311
2024-08-30 11:33:07.609370,5.509090330956434,7.5258477798067975,5.399436965389687,5.862279731234313,784
2024-08-30 11:33:08.611338,81.7899810116854,90.4624647099901,80.57680001331265,90.41501968383469,820
2024-08-30 11:33:09.614413,12.919235067222312,20.426534909177548,9.032725470719544,16.21381679798398,847
2024-08-30 11:33:10.616417,34.7502924501404,43.0410173280286,34.63471774563241,42.28354715153199,495
2024-08-30 11:33:11.618844,95.20888237941637,97.91427576361203,89.23729250854842,94.64096218692458,660
2024-08-30 11:33:12.621448,38.299535738655635,43.413549240570994,29.95793199017686,33.64721249824858,474
2024-08-30 11:33:13.623173,32.87761583718679,38.69636362291228,31.04695673237508,32.325818063330125,2
2024-08-30 11:33:14.625270,2.3912683552119285,7.7677921374958805,-2.6576785782343073,0.1802650811889528,151
2024-08-30 11:33:15.627632,24.33190690293998,28.901928019749498,16.670595119585215,18.46867726613243,183
2024-08-30 11:33:16.629476,5.4301318677877575,6.507757801064059,3.4377323756567635,6.310191856082509,747
2024-08-30 11:33:17.632466,38.38673833677846,45.4165389608643,32.02142398659399,40.15327660124179,536
2024-08-30 11:33:18.634492,59.97258060259848,61.639509485446816,52.414368171824286,56.072872456928785,129
2024-08-30 11:33:19.636973,0.4625091095865397,2.4176834571661896,-7.182301334948459,-3.8963786472957707,853
2024-08-30 11:33:20.638963,72.79408645159761,81.07201497703367,70.34968317345374,75.53580958846405,746
2024-08-30 11:33:21.641066,27.82274690902351,31.808835809768265,24.143808667074282,31.70920117606011,856
2024-08-30 11:33:22.643662,75.5552444574691,82.47635283692563,67.73012239854523,68.54463550591339,776
2024-08-30 11:33:23.646282,37.606224578499614,40.11569178460945,28.966007118080928,39.22224338554464,69
2024-08-30 11:33:24.648349,87.52316201500624,94.24781072014665,78.6914899675044,86.08029320778937,864
2024-08-30 11:33:25.651204,67.63112438589344,68.15254452581648,63.33845689952619,66.77670566411595,418
2024-08-30 11:33:26.653204,62.341166521098835,71.06503423563291,57.4694683821795,65.40411044887702,450
2024-08-30 11:33:27.656118,96.75218060073831,97.09395565454838,90.70590908612839,96.35463251630419,388
2024-08-30 11:33:28.658114,40.16908516698487,42.08341912781012,39.300453274898146,41.86034928984341,291
2024-08-30 11:33:29.660212,58.99999712287991,67.12777207028651,54.41004471855493,61.530384916901596,316
2024-08-30 11:33:30.662057,77.58010333034626,80.56404498883461,76.01505817598031,76.52705379919303,35
2024-08-30 11:33:31.663840,78.76687406599308,83.78286723667304,76.28852994128066,80.92267903162282,588
2024-08-30 11:33:32.665932,89.21688997201832,94.81388432495791,85.8885009685865,90.1441273315125,554
2024-08-30 11:33:33.668138,95.62454234393672,101.7883421831337,92.98097433749611,99.49341823188425,602
2024-08-30 11:33:34.670211,75.63325943571525,81.69424457110624,65.86471466877857,76.16820656048459,32
2024-08-30 11:33:35.672165,8.727416065978467,13.931228876084319,1.580550422673796,6.685152260309936,935
2024-08-30 11:33:36.674132,13.068890476563356,21.776464791239096,4.773513351715247,12.669978125053378,782
2024-08-30 11:33:37.676485,68.01176884246637,72.3523480806621,63.510746403530504,66.85815320167008,455
2024-08-30 11:33:38.678705,44.35347911520543,53.69819081001495,42.431399931390445,45.92332143751846,32
2024-08-30 11:33:39.680773,34.31879112505688,43.725678636173356,25.318349667790685,31.186539800929776,160
2024-08-30 11:33:40.682844,33.933769505561294,40.0144296962319,33.824247499179606,35.51804157686243,908
2024-08-30 11:33:41.685603,84.29211261152736,92.29796600294758,76.81103356498342,89.64879294448461,691
2024-08-30 11:33:42.688134,96.30166010438678,101.19233400570423,93.85756320577961,98.8165608203004,56
2024-08-30 11:33:43.689657,81.83708972815978,84.64092383008546,77.90766945343286,81.21947551410865,652
2024-08-30 11:33:44.691848,32.95722069517591,37.71013690626876,27.735042137511723,36.72033303933143,44
2024-08-30 11:33:45.694185,60.471005960087986,68.07451551336679,58.16439273702763,67.38037841014496,440
2024-08-30 11:33:46.696232,53.30379793992886,61.266944249501556,46.62729494454672,59.55576096248394,984
2024-08-30 11:33:47.698134,85.99011293828521,91.01095914522644,84.09114877259249,85.70792015878138,26
2024-08-30 11:33:48.700655,54.22987840088669,57.19314687411734,53.009418615821225,57.08089205422251,97
2024-08-30 11:33:49.703434,90.59679222867234,99.26311343990494,84.90431404859483,92.45286868790076,650
2024-08-30 11:33:50.705794,99.29009422072066,107.25400267232351,94.65540710780333,102.7057420043658,868
2024-08-30 11:33:51.708191,25.303401199655973,34.26161429182474,19.524815459337432,32.91163467984273,917
2024-08-30 11:33:52.710085,61.35679400461756,65.4414578400497,55.932605945433195,57.34569849259595,443
2024-08-30 11:33:53.712628,52.88562150328986,52.9139403307388,44.08543977326387,51.387397972817084,763
2024-08-30 11:33:54.715076,9.008847680789845,12.753422146903032,0.6551764823482369,8.389417921369155,414
2024-08-30 11:33:55.716988,6.701017154543121,8.082600334350749,5.076939849939713,8.060801844007663,988
2024-08-30 11:33:56.718922,86.05301806106839,88.1827677856709,82.81093936391055,86.88338947561984,718
2024-08-30 11:33:57.720974,25.210031711164415,30.114033280818404,23.752704517654646,26.303589990667245,190
2024-08-30 11:33:58.723074,40.537101001504624,47.9660794325473,31.589898750123368,39.18380027883654,482
2024-08-30 11:33:59.725656,9.541560558746964,17.060079022913904,4.036355303377969,14.120746327458907,463
2024-08-30 11:34:00.728022,78.95479126026692,83.7920105220155,74.7275877235072,75.22968592632009,585
2024-08-30 11:34:01.730764,20.91615597618983,30.322223268766095,10.996059062789044,15.998553250804902,863
2024-08-30 11:34:02.733436,69.28656740092461,78.66721846087964,59.62889058504973,62.792953510741796,818
2024-08-30 11:34:03.735562,76.14486933713765,84.49775688767875,69.33355343454392,72.09895565290083,814
2024-08-30 11:34:04.737424,66.33317718704387,73.1923584985586,65.04898917301948,68.06659401513276,391
2024-08-30 11:34:05.739132,40.46694888615735,49.178867782418166,36.13647722415294,36.67045282711098,780
2024-08-30 11:34:06.741346,6.5131104793983425,10.029476148429506,6.311343206911661,8.003431623596825,185
2024-08-30 11:34:07.743138,71.50853239275665,73.50370099065577,64.3827321483588,69.349751642046,739
2024-08-30 11:34:08.745475,68.35429196573305,74.67191957851213,65.57943520640686,72.76540895382377,635
2024-08-30 11:34:09.747542,12.968151411619289,22.616770382244862,10.983508453436702,16.97008452712993,416
2024-08-30 11:34:10.751206,43.16683063283708,50.39544442553856,42.683112380560914,47.388407846916635,328
2024-08-30 11:34:11.753564,83.38678314478484,85.84427872283663,74.19000000120067,78.75573847170051,628
2024-08-30 11:34:12.755577,63.854222325475384,66.0336618297217,54.921306253118644,57.97931391081145,366
2024-08-30 11:34:13.758318,2.084220373184409,8.226809892655513,0.0005198088527533784,1.0048403926941751,877
2024-08-30 11:34:14.760551,83.08387420387527,83.87323273435426,75.17881468369131,78.67305593635155,977
2024-08-30 11:34:15.763537,92.55996851269809,101.74892318314194,90.13379923892904,96.90276711017265,802
2024-08-30 11:34:16.765352,94.7346560585497,102.53231554673242,89.62878791543687,93.13252282702139,339
2024-08-30 11:34:17.768411,78.69031494903592,86.9573728939385,70.63437417838456,71.53433763906396,580
2024-08-30 11:34:18.770537,77.38945062786098,79.92197844836993,75.36456631500303,77.3154239989883,762
2024-08-30 11:34:19.772201,6.494560341910649,9.353711139749448,0.6534831796363676,8.590560646447639,878
2024-08-30 11:34:20.774124,83.28546103287397,87.45837442748194,74.13253352778334,81.41584453149571,62
2024-08-30 11:34:21.775979,28.118967074883006,35.16023608043021,23.146175179620364,33.85722134059508,154
2024-08-30 11:34:22.778627,72.2420104160008,78.03011156705291,70.2038441557592,75.09085553292769,382
2024-08-30 11:34:23.781288,57.87024347286779,62.988130299321746,53.09613244529059,57.571255284530004,841
2024-08-30 11:34:24.783498,71.03152274301709,75.3473960083997,67.46837444295252,71.91277458545136,342
2024-08-30 11:34:25.785678,74.56743535872029,78.57548113527793,72.88073394029634,73.08236137559629,978
2024-08-30 11:34:26.787743,33.23047332734229,37.61385494899503,25.726931645149186,33.222686461959086,856
2024-08-30 11:34:27.789586,13.86580943954453,22.23727914418227,5.870271862859504,7.704407640776752,174
2024-08-30 11:34:28.791214,71.71030306939528,77.0989188669784,69.15653975962682,74.46818082631128,101
2024-08-30 11:34:29.793253,59.449121686575126,66.2181341715901,55.904289371288385,58.30884060149554,30
2024-08-30 11:34:30.795338,1.2322162349047705,4.557698449147284,0.534668452187792,4.0659703730732435,351
2024-08-30 11:34:31.797333,14.80891105711507,21.0295827518729,6.144220982190177,10.743628313058112,601
2024-08-30 11:34:32.799999,22.11655524031987,31.06596430839861,14.73572379175176,16.59563797961995,431
2024-08-30 11:34:33.803876,52.76981176222777,59.48166439314132,51.947278602671176,52.301690270352694,274
2024-08-30 11:34:34.805373,20.95416220065952,24.486969581857142,13.89723653926748,15.180462576074955,835
2024-08-30 11:34:35.807241,14.340232416653054,20.480060494772275,14.05778757818412,19.524998611167206,900
2024-08-30 11:34:36.809052,21.25148013583563,25.243166747224976,19.906672497156773,24.485517310259542,691
2024-08-30 11:34:37.811215,47.144679241908705,52.1947823120371,46.98832261538127,49.110367954707456,244
2024-08-30 11:34:38.814401,10.70854896733281,12.51991979097875,0.7421950271135209,2.5749466541468538,195
2024-08-30 11:34:39.816978,12.585787404836601,21.856124819522492,9.59189875279525,15.722281604371563,167
2024-08-30 11:34:40.818948,93.78416952119777,93.85101368752065,87.81920794917673,92.47307980363769,312
2024-08-30 11:34:41.820961,81.5202078714159,87.85802627773957,75.24949645771206,83.06724548933431,903
2024-08-30 11:34:42.823519,20.554558254773212,27.44096370615403,19.059444412239806,25.41801275776022,943
2024-08-30 11:34:43.825461,71.0961895013502,72.17942521359954,66.75369159563557,71.01788732829014,422
2024-08-30 11:34:44.827612,84.0491829607502,90.51613057865303,81.05773115748939,90.23811825886543,905
2024-08-30 11:34:45.830500,62.088749117270225,70.93215761341268,54.73845845534448,63.09473840893922,441
2024-08-30 11:34:46.832435,72.71074637569491,75.09272264868656,71.2327286592392,71.94849136028049,144
2024-08-30 11:34:47.834459,64.04845412807694,64.99987521977798,61.730572806256404,62.66056383251848,409
2024-08-30 11:34:48.836516,64.03535599533002,66.5522899960738,59.61610063932165,60.51042262536271,787
2024-08-30 11:34:49.838408,46.22559746151861,46.90099247370598,39.28501643666873,43.149030067193735,409
2024-08-30 11:34:50.840524,25.72691607820834,29.863318002156166,15.825498018432592,17.835073976079688,457
2024-08-30 11:34:51.842869,30.916182908789004,31.298059176969755,24.780889487238028,27.94495823060231,820
2024-08-30 11:34:52.845557,24.815691796619145,26.487264723369638,23.272050323419432,24.24046359498389,945
2024-08-30 11:34:53.847960,30.90026471190963,32.70694523020709,25.209961334099383,27.235644000426955,295
2024-08-30 11:34:54.850059,34.388042714952206,43.34671570833922,30.624665198409033,37.195725169263135,288
2024-08-30 11:34:55.852700,29.240295313009845,34.67689483093789,27.731013184829052,32.327376599643664,904
2024-08-30 11:34:56.854908,4.188572331869233,9.117419367792554,0.8644438604039033,1.5029885363549393,828
2024-08-30 11:34:57.857037,24.660629996381044,27.611902572525324,23.317090630100783,27.25266166851558,970
2024-08-30 11:34:58.858963,33.26655842468988,33.32816111032519,31.69707338470606,32.394083914972114,737
2024-08-30 11:34:59.861122,95.94013293052555,100.34613715915553,94.15356206126864,94.51252059539327,381
2024-08-30 11:35:00.863486,74.10057841462276,79.57715253599574,70.56810789045984,73.79995211451313,890
2024-08-30 11:35:01.865435,90.38876627573832,98.10654002709892,81.62907587496119,98.04337915334564,727
2024-08-30 11:35:02.867453,29.619056711246085,30.732400892224295,25.390411806542467,25.850404012181947,143
2024-08-30 11:35:03.869946,71.24886655797246,79.29073002638461,70.45321134845916,76.06074593547383,568
2024-08-30 11:35:04.872026,57.00667343994403,59.14624775666829,47.22316905106074,48.458786753283015,343
2024-08-30 11:35:05.874027,3.328630348926276,11.034756636194109,-4.278495947411407,-3.330929293719751,563
2024-08-30 11:35:06.876125,50.330094672569395,59.80214535356686,46.78777274691409,58.431162982787065,349
2024-08-30 11:35:07.878030,4.20536821666222,9.089283097202703,0.06025434545539721,4.974648655638607,530
2024-08-30 11:35:08.880966,9.250555836376051,11.084688315852375,2.379281011703805,10.313417132633877,447
2024-08-30 11:35:09.882834,70.26419379925397,73.21343844017612,63.40532735446666,66.13259701054952,352
2024-08-30 11:35:10.884828,7.491146975339069,10.327628125561796,-1.235744827593983,6.839356158892015,773
2024-08-30 11:35:11.887072,39.75091770820638,48.870492596315465,35.78475188530463,48.23337814855229,804
2024-08-30 11:35:12.889261,37.544867102210546,43.64296678527094,32.46357255469325,32.78314406278098,544
2024-08-30 11:35:13.891454,31.611350055400024,39.31005290223165,28.06592384768721,31.69057125566845,83
2024-08-30 11:35:14.894421,86.6573621183797,87.48976346293934,77.68456386839011,77.79746771540361,420
2024-08-30 11:35:15.896566,9.713451339990154,18.37069498317443,7.313003651665994,8.350888835463056,534
2024-08-30 11:35:16.898088,0.7498518988937275,4.46397035774025,-8.64324748892783,-2.314296067686115,664
2024-08-30 11:35:17.900337,9.966822719047208,13.658457916303938,3.1416331758205143,13.075336904658224,684
2024-08-30 11:35:18.902304,89.85930684451117,94.82748892011527,84.43602720757453,90.19386752403251,701
2024-08-30 11:35:19.904579,41.379947106519225,46.41518995730746,34.31413094600076,39.4018963578524,898
2024-08-30 11:35:20.907016,81.08135354343187,89.65412657901413,74.43475247300745,80.91668892272955,630
2024-08-30 11:35:21.919263,7.871280923604262,9.232154070706224,-0.6966501057046361,5.100959757629256,581
2024-08-30 11:35:22.922956,42.39147005565951,51.608269574951045,32.45422981847848,51.36507345609257,564
2024-08-30 11:35:23.925089,37.65090551936148,43.73066884205424,32.064955264537986,40.00055768807555,37
2024-08-30 11:35:24.927061,83.65971134046633,87.91648058896637,83.48798167801162,86.41996026919108,169
2024-08-30 11:35:25.930320,60.41367088729719,63.586791772781304,53.49948227135625,62.46500042216672,870
2024-08-30 11:35:26.932526,49.75067976761894,59.15843191641209,42.22794255611232,57.05373813037873,523
2024-08-30 11:35:27.934335,26.553072133402765,32.36146212760689,18.526072926788117,27.37882138940442,1
2024-08-30 11:35:28.935901,33.45052399516232,34.16567960883685,29.853142924478945,33.45690766877175,647
2024-08-30 11:35:29.937727,14.46872457799514,14.522043610322791,5.9954236753667125,7.1316716504776485,96
2024-08-30 11:35:30.939843,95.48819700525267,99.26517477774989,86.19347769270716,89.186374290551,880
2024-08-30 11:35:31.941902,90.792432934534,93.30550541393063,85.18002392636825,92.10125780931702,236
2024-08-30 11:35:32.943479,39.80090607170622,42.956585936757754,35.45227606610599,37.90489250496136,617
2024-08-30 11:35:33.945225,95.30651155610967,98.43440610279683,93.7972496719956,94.29585517046978,82
2024-08-30 11:35:34.947168,55.653939776256,61.686043536953754,48.43348837210026,53.48986945710825,26
2024-08-30 11:35:35.948717,33.65745497249869,42.340936121437736,29.81433799487904,34.14439530828445,368
2024-08-30 11:35:36.950525,39.95006032366595,43.11214586645792,30.454732599775983,41.96529470177399,611
2024-08-30 11:35:37.952570,14.673039616516458,18.108868207320878,7.26267011174852,14.664172343659843,555
2024-08-30 11:35:38.954913,64.47792214295241,66.25742767021688,56.43617721450989,65.7203127374734,986
2024-08-30 11:35:39.956976,72.18124048701814,79.73620920529292,64.573156913846,72.19219711260715,601
2024-08-30 11:35:40.958658,6.668680149110628,9.312088219684536,-0.9583160061806657,9.231867318153991,512
2024-08-30 11:35:41.960807,72.59252537820899,76.86700024752183,68.45667992204739,76.26395780851911,19
2024-08-30 11:35:42.963041,57.85286624229558,67.28596147342316,48.48027627801438,64.18428687778432,113
2024-08-30 11:35:43.965798,22.493204134109778,29.778489388187154,12.9407981709946,14.373095469051982,497
2024-08-30 11:35:44.968035,87.71150786565777,89.85621513306553,81.22442056017573,84.1711033334483,527
2024-08-30 11:35:45.969834,66.37618630566448,72.30973787371842,56.53904855866108,62.995170971850506,476
2024-08-30 11:35:46.971876,36.22730087311451,38.8038450810125,31.48365059736495,38.214384857875494,233
2024-08-30 11:35:47.974160,20.16573142796515,29.410808105348615,18.338413380837387,27.858008010735844,216
2024-08-30 11:35:48.976241,66.64127204006228,70.62820740473973,62.728887212506905,65.49388167492768,839
2024-08-30 11:35:49.978202,15.706060774165653,19.92519353879154,7.270213968147855,18.152544303554002,314
2024-08-30 11:35:50.980545,10.049175238285468,13.749180120634435,5.65950442989916,5.665100088734452,315
2024-08-30 11:35:51.982748,91.89854901642269,94.41086735079931,91.37307256151898,91.98068007027574,687
2024-08-30 11:35:52.985141,95.88662639608933,101.75736496141988,92.4403699282465,101.68711469710591,402
2024-08-30 11:35:53.987215,20.48434626744481,22.349588959572998,19.245459055665854,19.303845820144367,701
2024-08-30 11:35:54.989728,86.10543608756068,89.03820840780111,80.65190175640087,88.7884142091,230
2024-08-30 11:35:55.991614,84.34469346703716,86.26101787535495,79.68442783043045,80.78127640181073,785
2024-08-30 11:35:56.994580,5.44025227536128,11.30764034463186,-2.52749033456906,1.7530502800743095,298
2024-08-30 11:35:57.997035,32.064780982439245,33.69960729390837,22.094875859799426,24.78517776338016,580
2024-08-30 11:35:58.998812,70.60045693562536,75.9627727816453,68.61719124369293,73.9182292446366,385
2024-08-30 11:36:00.001009,22.353135334190654,28.77747189700859,19.187771176749486,23.19342544132573,300
2024-08-30 11:36:01.004133,52.72930085376937,57.86726525005518,45.76482088351961,48.430328267678924,679
2024-08-30 11:36:02.006295,78.98473306202618,81.67308182761627,70.70253294063858,72.19381495887028,692
2024-08-30 11:36:03.008711,51.96970397595766,54.51961023363768,49.86575570018435,53.18593146624912,355
2024-08-30 11:36:04.010584,86.28281079456694,86.5584528893977,80.38631321435494,82.9528333691555,818
2024-08-30 11:36:05.013070,95.50905455718738,105.24687775656474,91.23152053907654,93.90644587067611,866
2024-08-30 11:36:06.015502,43.66085332051009,50.45129083029319,39.26238865208658,40.33947884113543,804
2024-08-30 11:36:07.018852,12.87404224996438,22.09589697281899,7.867700128536343,18.07340530686248,771
2024-08-30 11:36:08.021606,46.88150060617707,47.1960641044808,41.48191469104381,46.23956309815792,739
2024-08-30 11:36:09.023137,30.50891577480932,30.593995908366434,24.181010942394067,26.620436217893875,732
2024-08-30 11:36:10.025528,2.5870471283464758,5.707795181393832,2.0949764446095234,3.0119453125940616,984
2024-08-30 11:36:11.028327,7.576584946396315,9.471221901689285,2.843569799734375,5.45493271009922,634
2024-08-30 11:36:12.030559,97.42717947044012,107.30744177110263,97.32174077708952,101.45324102712289,997
2024-08-30 11:36:13.032628,39.71684497023913,47.33460633710266,37.768616960900715,37.804770362717825,713
2024-08-30 11:36:14.034629,77.16118136362863,84.78271093490729,70.31966796400181,79.25053649633347,579
2024-08-30 11:36:15.036438,99.99243692933868,108.13691413913958,93.97408917040632,99.51943784669547,527
2024-08-30 11:36:16.038548,49.19011114818264,58.81766102570939,42.824168430042675,47.6488850212972,153
2024-08-30 11:36:17.040793,98.3478569989441,102.57251263392442,97.55683577835383,100.13067110204467,909
2024-08-30 11:36:18.043459,26.605797446715705,33.630280319602534,23.45094569997563,29.937547258947312,806
2024-08-30 11:36:19.045615,92.8310487112344,93.58231095513185,89.84043313369305,91.96841767709935,386
2024-08-30 11:36:20.047806,98.30506822441804,102.81513271487961,92.79896490945558,94.95114967452663,335
2024-08-30 11:36:21.050113,62.25138895494441,70.24322933016194,53.88261029207101,56.63062776064933,797
2024-08-30 11:36:22.052757,75.59154301231823,83.59237309954817,66.35632071308595,73.04111242250961,536
2024-08-30 11:36:23.054329,86.09838686620702,90.19534645826839,82.12213730944393,82.61262306875706,113
2024-08-30 11:36:24.057012,29.563606008696507,30.12567125455959,27.994957881257804,29.178802308002712,430
2024-08-30 11:36:25.059047,27.87647714717337,31.648460812766082,18.44681710227163,25.931646712543753,542
2024-08-30 11:36:26.061870,95.72195336300368,104.51288630271627,85.84368144332862,99.62293460664823,998
2024-08-30 11:36:27.065495,38.03619339143995,40.909393196979366,35.25901258166832,38.31714942935153,196
2024-08-30 11:36:28.067567,78.84661181298915,82.29234858303093,78.4391234916443,80.56371460610345,601
2024-08-30 11:36:29.069935,77.77612862518907,80.79995045572669,74.45585220211042,78.17021345025225,111
2024-08-30 11:36:30.072499,22.22596916386609,27.08793225363377,13.510229745487921,27.029179087172373,191
2024-08-30 11:36:31.074810,50.00990096945144,58.80805369821586,49.05179435668371,50.42421378618005,315
2024-08-30 11:36:32.077065,28.708415695801104,34.068947852550934,24.959250335224493,32.13866946286844,913
2024-08-30 11:36:33.079728,39.91788321816543,45.67242144715715,35.5630386568816,36.74405466126803,911
2024-08-30 11:36:34.081876,47.54497379787899,50.386527696343784,38.35417499403311,50.314542644268435,287
2024-08-30 11:36:35.083895,70.21975123833214,71.6501766315967,61.89595913773519,66.55243286803935,107
2024-08-30 11:36:36.085865,51.944805925902926,61.127967401768416,48.41703909634558,54.39465804789923,100
2024-08-30 11:36:37.088139,30.194243582264157,34.9431022312784,24.648260451661564,32.18800425191479,587
2024-08-30 11:36:38.091073,75.36163864578953,84.17833213268352,67.90264455981766,78.58686049565121,203
2024-08-30 11:36:39.094300,26.489000991053125,28.204117134820372,24.80240748768292,26.11735090024407,795
2024-08-30 11:36:40.096876,66.75560064291098,69.36405054739564,62.84750322664519,64.19816548366158,845
2024-08-30 11:36:41.098481,71.81814348835623,77.4267759055321,64.01193650487045,69.88766496738633,51
2024-08-30 11:36:42.100885,81.46287079736834,89.72459372638177,77.98170366174601,82.4693966905685,492
2024-08-30 11:36:43.104529,10.376036085092267,13.797958085435713,8.573718680644019,8.609869829859981,107
2024-08-30 11:36:44.107010,45.93338936502788,55.782177122785235,39.14995664265382,52.86772790206405,439
2024-08-30 11:36:45.109754,41.508740982590396,46.46601636851867,33.75126324132286,34.671626124379515,9
2024-08-30 11:36:46.112261,66.42382569059113,71.52271087104118,63.8825190195078,71.45777711474632,689
2024-08-30 11:36:47.114148,4.334788549687218,11.30972525750778,-5.107742761143488,-0.5759714724989742,465
2024-08-30 11:36:48.117071,28.55109862589731,35.10093200467248,22.101262606815453,29.98195123245327,550
2024-08-30 11:36:49.119180,34.93894333820189,42.96594787304649,29.610625370766474,36.851706857562874,726
2024-08-30 11:36:50.121421,50.348972699395425,59.81764331258654,48.8759817950565,56.451466619666796,380
2024-08-30 11:36:51.123802,24.914643679171267,26.829861594705548,15.345928954070127,21.36594671892012,675
2024-08-30 11:36:52.126090,39.54361365560851,43.2848576176132,37.68564972832409,40.018134737836014,993
2024-08-30 11:36:53.127794,22.72901096290143,24.287309498123385,14.799660225812701,18.711955742345115,126
2024-08-30 11:36:54.130356,42.19687726319137,47.20612116563217,37.3064371169055,44.96641687851761,374
2024-08-30 11:36:55.132203,46.21756660645189,50.752630476263576,40.75276143268167,45.62419581029323,708
2024-08-30 11:36:56.134672,61.82871669165294,69.20287354274228,52.77708359380547,56.62743794822502,931
2024-08-30 11:36:57.137341,30.547052163106926,33.809407638877445,27.6026964666368,30.534872655559646,704
2024-08-30 11:36:58.139395,96.0100126529293,104.6290301288108,95.44936812932727,95.66859204066375,138
2024-08-30 11:36:59.141585,80.76048897354266,83.37785073281337,79.75135165180076,82.20830653892378,24
2024-08-30 11:37:00.144232,32.285890041285015,35.6764856320161,32.22468608436149,34.77124164719093,937
2024-08-30 11:37:01.147104,68.90552275507522,69.90240492095667,60.967358654812955,68.36877957941407,765
2024-08-30 11:37:02.149219,44.93858577172583,48.778688192909115,37.19168198272699,45.348898228616065,358
2024-08-30 11:37:03.152846,34.668898076071116,35.088128290849525,32.29530752988225,32.64374775361784,603
