Date,Open,High,Low,Close,Volume
4/26/2024,175.99,176.42,171.4,173.69,"56,500,793"
4/25/2024,153.36,158.28,152.77,157.95,"36,197,793"
4/24/2024,159.09,161.39,158.82,161.1,"19,485,689"
4/23/2024,158.59,160.48,157.97,159.92,"16,115,410"
4/22/2024,156.01,159.19,155.66,157.95,"17,243,869"
4/19/2024,157.75,157.99,153.91,155.72,"21,479,881"
4/18/2024,156.93,158.49,156.21,157.46,"14,016,070"
4/17/2024,157.19,158.68,156.14,156.88,"16,237,750"
4/16/2024,155.64,157.23,155.05,156,"15,413,200"
4/15/2024,160.28,160.83,156.15,156.33,"21,140,949"
4/12/2024,159.41,161.7,158.6,159.19,"16,989,770"
4/11/2024,158.34,161.12,157.93,160.79,"17,841,699"
4/10/2024,157.88,158.16,156.2,157.66,"16,339,170"
4/9/2024,157.35,159.89,156.64,158.14,"21,538,141"
4/8/2024,154.02,156.66,153.99,156.14,"16,641,529"
4/5/2024,151.68,154.84,151.08,153.94,"16,297,320"
4/4/2024,155.08,156.18,151.88,151.94,"24,184,840"
4/3/2024,154.92,156.55,154.13,156.37,"17,266,180"
4/2/2024,154.75,155.99,153.46,155.87,"17,598,061"
4/1/2024,151.83,157,151.65,156.5,"24,469,820"
3/28/2024,152,152.67,151.33,152.26,"21,105,631"
3/27/2024,152.15,152.69,150.13,151.94,"16,621,961"
3/26/2024,151.24,153.2,151.03,151.7,"19,312,689"
3/25/2024,150.95,151.46,148.8,151.15,"15,114,730"
3/22/2024,150.24,152.56,150.09,151.77,"19,252,930"
3/21/2024,150.32,151.31,148.01,148.74,"19,843,920"
3/20/2024,148.79,149.76,147.67,149.68,"17,730,000"
3/19/2024,148.98,149.62,147.01,147.92,"17,748,369"
3/18/2024,149.37,152.93,148.14,148.48,"47,676,688"
3/15/2024,143.41,144.34,141.13,142.17,"41,039,488"
3/14/2024,142.3,144.73,141.49,144.34,"36,117,910"
3/13/2024,140.06,142.19,140.01,140.77,"19,637,000"
3/12/2024,138.25,140.28,138.21,139.62,"19,019,699"
3/11/2024,137.07,139.98,137.07,138.94,"22,536,369"
3/8/2024,135.04,138.99,134.8,136.29,"26,495,160"
3/7/2024,133.89,135.82,132.66,135.24,"24,107,279"
3/6/2024,134.24,134.74,131.95,132.56,"23,175,199"
3/5/2024,132.74,134.02,131.55,133.78,"28,447,551"
3/4/2024,136.54,136.63,132.86,134.2,"43,571,512"
3/1/2024,139.61,140,137.98,138.08,"28,551,529"
2/29/2024,138.35,139.95,137.57,139.78,"35,485,008"
2/28/2024,139.1,139.28,136.64,137.43,"30,628,699"
2/27/2024,139.41,140.49,138.5,140.1,"22,363,980"
2/26/2024,143.45,143.84,138.74,138.75,"33,513,012"
2/23/2024,144.97,145.96,144.79,145.29,"14,519,430"
2/22/2024,146.12,146.2,144.01,145.32,"23,024,711"
2/21/2024,142.64,143.98,141.91,143.84,"16,499,580"
2/20/2024,140.94,143.33,140.8,142.2,"18,625,590"
2/16/2024,144.21,144.48,141.52,141.76,"21,865,119"
2/15/2024,144.46,144.76,141.88,143.94,"26,724,311"
2/14/2024,147.37,147.83,145.56,147.14,"16,651,820"
2/13/2024,146.07,148.04,145.11,146.37,"18,138,480"
2/12/2024,149.54,150.59,148.56,148.73,"17,236,109"
2/9/2024,147.95,150.7,147.43,150.22,"21,877,689"
2/8/2024,146.97,147.61,146.42,147.22,"18,241,320"
2/7/2024,146.12,147,145.21,146.68,"21,436,131"
2/6/2024,145.96,146.74,144.52,145.41,"21,517,660"
2/5/2024,144.04,146.67,143.91,144.93,"29,254,439"
2/2/2024,140.89,143.88,138.17,143.54,"42,136,129"
2/1/2024,143.69,144.62,142.26,142.71,"25,526,859"
1/31/2024,145.39,145.59,141.55,141.8,"43,908,578"
1/30/2024,154.01,155.04,152.78,153.05,"26,578,930"
1/29/2024,153.64,155.2,152.92,154.84,"20,909,260"
1/26/2024,152.87,154.11,152.8,153.79,"19,494,490"
1/25/2024,151.74,154.76,151.22,153.64,"21,495,119"
1/24/2024,150.29,151.57,149.84,150.35,"19,245,029"
1/23/2024,147.72,148.86,147.19,148.68,"14,113,650"
1/22/2024,148.71,150.02,147.58,147.71,"21,829,230"
1/19/2024,146.31,148.04,145.8,147.97,"27,181,029"
1/18/2024,143.44,145.59,143.35,144.99,"18,876,801"
1/17/2024,142.91,143.41,140.51,142.89,"17,884,551"
1/16/2024,143.43,145.84,143.06,144.08,"19,198,939"
1/12/2024,144.34,144.74,143.36,144.24,"13,998,730"
1/11/2024,144.9,146.66,142.22,143.67,"17,471,131"
1/10/2024,142.52,144.53,142.46,143.8,"16,641,881"
1/9/2024,140.06,142.8,139.79,142.56,"19,579,670"
1/8/2024,138,140.64,137.88,140.53,"17,645,289"
1/5/2024,138.35,138.81,136.85,137.39,"15,439,480"
1/4/2024,139.85,140.64,138.01,138.04,"18,253,330"
1/3/2024,138.6,141.09,138.43,140.36,"18,974,311"
1/2/2024,139.6,140.61,137.74,139.56,"20,071,891"
12/29/2023,140.68,141.44,139.9,140.93,"14,880,960"
12/28/2023,141.85,142.27,140.83,141.28,"12,192,550"
12/27/2023,142.83,143.32,141.05,141.44,"17,288,359"
12/26/2023,142.98,143.95,142.5,142.82,"11,170,070"
12/22/2023,142.13,143.25,142.06,142.72,"18,513,520"
12/21/2023,140.77,142.03,140.47,141.8,"18,101,480"
12/20/2023,140.33,143.08,139.41,139.66,"33,507,340"
12/19/2023,138,138.77,137.45,138.1,"20,661,000"
12/18/2023,133.86,138.38,133.77,137.19,"25,699,770"
12/15/2023,132.92,134.83,132.63,133.84,"58,594,000"
12/14/2023,134.77,135.04,131.06,133.2,"29,619,100"
12/13/2023,134.55,134.78,132.95,133.97,"25,414,461"
12/12/2023,133.27,134.54,132.83,133.64,"26,583,980"
12/11/2023,133.82,134.79,132.89,134.7,"24,502,859"
12/8/2023,135.66,137.99,135.57,136.64,"23,016,141"
12/7/2023,136.6,140,136.23,138.45,"38,419,434"
12/6/2023,132.9,133.31,131.31,131.43,"16,360,650"
12/5/2023,130.37,133.54,129.73,132.39,"19,235,150"
12/4/2023,131.29,131.45,129.4,130.63,"24,117,080"
12/1/2023,133.32,133.5,132.15,133.32,"24,267,990"
11/30/2023,136.4,136.96,132.79,133.92,"29,913,529"
11/29/2023,138.99,139.67,136.3,136.4,"21,014,721"
11/28/2023,137.63,138.66,137.04,138.62,"17,046,869"
11/27/2023,137.57,139.63,137.54,138.05,"17,886,391"
11/24/2023,139.54,139.68,137.47,138.22,"8,828,640"
11/22/2023,139.1,141.1,139,140.02,"17,310,211"
11/21/2023,137.94,138.97,137.71,138.62,"17,648,070"
11/20/2023,135.5,138.43,135.49,137.92,"19,589,010"
11/17/2023,137.82,138,135.48,136.94,"25,590,189"
11/16/2023,136.96,138.88,136.08,138.7,"17,615,070"
11/15/2023,136.64,136.84,135.33,136.38,"15,840,880"
11/14/2023,135.65,137.24,135.1,135.43,"22,317,350"
11/13/2023,133.36,134.11,132.77,133.64,"16,409,859"
11/10/2023,131.53,134.27,130.87,134.06,"20,879,840"
11/9/2023,133.36,133.96,131.51,131.69,"17,976,529"
11/8/2023,132.36,133.54,132.16,133.26,"15,093,600"
11/7/2023,131.98,133.28,131.14,132.4,"19,223,789"
11/6/2023,130.22,131.56,129.93,131.45,"15,360,360"
11/3/2023,129.09,130.73,129.01,130.37,"19,529,449"
11/2/2023,129.56,130.09,128.11,128.58,"24,091,670"
11/1/2023,125.34,127.74,124.93,127.57,"26,536,600"
10/31/2023,126.27,126.56,123.93,125.3,"21,123,420"
10/30/2023,124.46,126.55,123.88,125.75,"24,165,631"
10/27/2023,124.03,124.44,121.46,123.4,"37,367,672"
10/26/2023,124.47,125.46,122.32,123.44,"33,907,359"
10/25/2023,129.77,130.1,126.09,126.67,"58,796,070"
10/24/2023,139.16,140.71,138.75,140.12,"26,535,199"
10/23/2023,136.23,139.02,135.11,137.9,"20,780,670"
10/20/2023,138.59,139.04,136.25,136.74,"24,970,260"
10/19/2023,139.8,141.01,138.6,138.98,"21,831,180"
10/18/2023,140.75,141.99,138.71,139.28,"18,304,869"
10/17/2023,140.03,141.25,138.53,140.99,"17,424,020"
10/16/2023,139.73,140.91,139.32,140.49,"17,345,561"
10/13/2023,140.65,141.34,137.97,138.58,"19,447,570"
10/12/2023,142.16,142.38,139.45,140.29,"18,173,109"
10/11/2023,139.85,142.22,139.84,141.7,"20,146,340"
10/10/2023,139.51,140.74,138.43,139.2,"19,554,920"
10/9/2023,137.99,139.97,136.7,139.5,"16,599,100"
10/6/2023,134.94,139.19,134.94,138.73,"20,826,680"
10/5/2023,136.13,136.5,134.46,135.99,"15,922,940"
10/4/2023,133.66,136.57,133.43,136.27,"22,847,990"
10/3/2023,134.93,135.24,132.82,133.3,"19,628,740"
10/2/2023,132.16,135.36,132.07,135.17,"19,210,391"
9/29/2023,134.08,134.89,131.32,131.85,"23,237,340"
9/28/2023,130.69,134.18,130.69,133.13,"18,201,391"
9/27/2023,129.44,131.72,129.38,131.46,"18,764,199"
9/26/2023,130.91,131.41,128.19,129.45,"20,378,789"
9/25/2023,130.77,132.22,130.03,132.17,"14,650,030"
9/22/2023,131.68,133.01,130.51,131.25,"17,355,279"
9/21/2023,132.39,133.19,131.09,131.36,"22,058,381"
9/20/2023,138.83,138.84,134.52,134.59,"21,473,529"
9/19/2023,138.25,139.18,137.5,138.83,"15,484,640"
9/18/2023,137.63,139.93,137.63,138.96,"16,233,590"
9/15/2023,138.8,139.36,137.18,138.3,"48,958,840"
9/14/2023,138.39,139.55,137.06,138.99,"19,064,609"
9/13/2023,135.9,137.7,134.93,137.5,"16,394,920"
9/12/2023,137.13,137.64,135.93,136.07,"15,212,930"
9/11/2023,137.38,138.26,136.55,137.74,"17,180,760"
9/8/2023,135.87,137.52,135.87,137.2,"17,820,010"
9/7/2023,134.6,136.58,133.96,136.2,"16,975,961"
9/6/2023,137.02,137.48,134.69,135.37,"15,814,330"
9/5/2023,136.44,137.37,135.56,136.71,"17,730,221"
9/1/2023,138.43,138.58,135.94,136.8,"16,671,650"
8/31/2023,137.05,138.4,136.82,137.35,"28,147,850"
8/30/2023,135.57,137.25,135.02,136.93,"21,773,359"
8/29/2023,133,137.3,132.98,135.49,"30,803,270"
8/28/2023,132.08,133.24,130.85,131.79,"16,715,471"
8/25/2023,130.14,131.4,128.04,130.69,"20,678,100"
8/24/2023,134.73,134.97,130.3,130.42,"18,680,381"
8/23/2023,130.85,134.07,130.51,133.21,"26,497,029"
8/22/2023,129.13,130.95,128.93,129.69,"15,569,370"
8/21/2023,127.85,129.26,127.16,128.93,"21,851,070"
8/18/2023,129.06,129.83,127,128.11,"23,627,199"
8/17/2023,130.45,132.49,129.85,130.46,"23,665,561"
8/16/2023,129.28,130.9,128.46,129.11,"17,548,359"
8/15/2023,131.59,131.99,129.82,130.27,"14,769,170"
8/14/2023,129.85,131.91,129.59,131.83,"17,526,199"
8/11/2023,129.2,130.44,128.75,130.17,"15,205,470"
8/10/2023,131.97,132.65,130.04,130.21,"17,855,680"
8/9/2023,132.19,132.47,129.51,130.15,"17,745,221"
8/8/2023,130.98,131.94,130.13,131.84,"16,835,949"
8/7/2023,129.51,132.06,129.43,131.94,"17,621,039"
8/4/2023,129.6,131.93,128.32,128.54,"20,521,850"
8/3/2023,128.37,129.77,127.78,128.77,"15,086,130"
8/2/2023,129.84,130.42,127.85,128.64,"22,705,779"
8/1/2023,130.86,132.92,130.75,131.89,"22,219,010"
7/31/2023,133.01,133.83,132.13,133.11,"18,381,891"
7/28/2023,130.97,134.07,130.92,133.01,"26,971,010"
7/27/2023,131.8,133.6,129.18,129.87,"35,931,609"
7/26/2023,130.36,131.37,128.71,129.66,"46,216,898"
7/25/2023,121.88,123.69,121.53,122.79,"31,820,850"
7/24/2023,121.93,123.35,121.38,121.88,"22,312,221"
7/21/2023,120.87,121.3,119.07,120.31,"56,514,648"
7/20/2023,122.12,124.7,118.69,119.53,"27,541,711"
7/19/2023,124.79,125.47,122.47,122.78,"22,313,801"
7/18/2023,124.91,124.99,123.3,124.08,"21,071,250"
7/17/2023,126.06,127.28,124.5,125.06,"20,675,301"
7/14/2023,125.13,127.09,124.9,125.7,"20,499,779"
7/13/2023,121.54,125.34,121.06,124.83,"31,535,850"
7/12/2023,119.3,120.96,119,119.62,"22,059,609"
7/11/2023,116.76,118.23,115.83,117.71,"18,286,570"
7/10/2023,119.07,119.07,116.64,116.87,"32,960,078"
7/7/2023,120.89,121.75,120.09,120.14,"20,997,670"
7/6/2023,120.64,121.15,119.25,120.93,"17,750,180"
7/5/2023,120.06,123.37,120.06,122.63,"17,830,350"
7/3/2023,120.32,121.02,119.71,120.56,"13,871,720"
6/30/2023,121.1,122.03,120.88,120.97,"23,871,760"
6/29/2023,120.09,120.91,119.21,120.01,"18,517,461"
6/28/2023,117.96,121.27,117.6,121.08,"19,753,150"
6/27/2023,117.84,119.9,116.91,119.01,"27,221,711"
6/26/2023,121.47,122.72,118.99,119.09,"23,184,961"
6/23/2023,122.04,123.44,121.86,123.02,"29,573,119"
6/22/2023,120.66,123.94,119.6,123.87,"20,781,891"
6/21/2023,123.24,123.41,120.86,121.26,"22,612,000"
6/20/2023,123.54,125.18,122.83,123.85,"22,698,029"
6/16/2023,126.7,126.7,123.79,124.06,"56,699,199"
6/15/2023,123.88,126.16,123.14,125.79,"24,517,070"
6/14/2023,123.8,124.79,122.16,124.38,"24,659,619"
6/13/2023,125.65,125.86,123.85,124.43,"19,287,650"
6/12/2023,123.4,124.75,122.35,124.35,"22,289,631"
6/9/2023,122.56,124.29,122.42,122.87,"20,313,680"
6/8/2023,122.59,123.73,122.01,122.67,"24,815,000"
6/7/2023,127.58,129.55,122.63,122.94,"34,179,352"
6/6/2023,126.6,128.88,125.97,127.91,"19,450,131"
6/5/2023,124.61,127.99,124.38,126.63,"22,672,520"
6/2/2023,124.49,126.75,124.35,125.23,"19,367,449"
6/1/2023,123.5,125.04,123.3,124.37,"25,017,670"
5/31/2023,123.7,124.9,123.1,123.37,"41,548,762"
5/30/2023,126.29,126.38,122.89,124.64,"27,230,730"
5/26/2023,124.07,126,123.29,125.43,"25,169,039"
5/25/2023,125.21,125.98,122.9,124.35,"33,812,727"
5/24/2023,121.88,122.75,120.75,121.64,"23,087,930"
5/23/2023,124.93,125.42,123.05,123.29,"24,477,949"
5/22/2023,123.51,127.05,123.45,125.87,"29,760,240"
5/19/2023,124.2,126.48,122.72,123.25,"30,268,859"
5/18/2023,121.56,123.9,121.49,123.52,"27,014,471"
5/17/2023,120.18,122.28,119.46,121.48,"26,659,561"
5/16/2023,116.83,121.2,116.83,120.09,"32,370,109"
5/15/2023,116.49,118.8,116.48,116.96,"22,107,869"
5/12/2023,117,118.26,116.55,117.92,"31,293,779"
5/11/2023,115.86,118.44,114.93,116.9,"57,115,078"
5/10/2023,108.55,113.51,108.48,112.28,"47,533,461"
5/9/2023,108.78,110.6,107.73,107.94,"24,782,439"
5/8/2023,105.8,108.42,105.79,108.24,"17,266,020"
5/5/2023,105.32,106.44,104.74,106.22,"20,710,631"
5/4/2023,106.16,106.3,104.7,105.21,"19,780,641"
5/3/2023,106.22,108.13,105.62,106.12,"17,116,330"
5/2/2023,107.66,107.73,104.5,105.98,"20,343,119"
5/1/2023,107.72,108.68,107.5,107.71,"20,926,260"
4/28/2023,107.8,108.29,106.04,108.22,"23,957,869"
4/27/2023,105.23,109.15,104.42,108.37,"38,235,219"
4/26/2023,105.56,107.02,103.27,104.45,"37,068,168"
4/25/2023,106.61,107.44,104.56,104.61,"31,408,119"
4/24/2023,106.05,107.32,105.36,106.78,"21,410,910"
4/21/2023,106.09,106.64,105.49,105.91,"22,379,020"
4/20/2023,104.65,106.89,104.64,105.9,"22,515,330"
4/19/2023,104.22,105.73,103.8,105.02,"16,732,020"
4/18/2023,107,107.05,104.78,105.12,"17,641,369"
4/17/2023,105.43,106.71,105.32,106.42,"29,043,439"
4/14/2023,107.69,109.58,107.59,109.46,"20,758,689"
4/13/2023,106.47,108.27,106.44,108.19,"21,650,750"
4/12/2023,107.39,107.59,104.97,105.22,"22,761,570"
4/11/2023,106.92,107.22,105.28,106.12,"18,721,279"
4/10/2023,107.39,107.97,105.6,106.95,"19,741,520"
4/6/2023,105.77,109.63,104.82,108.9,"34,684,152"
4/5/2023,106.12,106.54,104.1,104.95,"21,864,199"
4/4/2023,104.84,106.1,104.6,105.12,"20,377,230"
4/3/2023,102.67,104.95,102.38,104.91,"20,719,859"
3/31/2023,101.71,104.19,101.44,104,"28,107,949"
3/30/2023,101.44,101.61,100.29,101.32,"25,009,830"
3/29/2023,102.72,102.82,101.03,101.9,"26,148,301"
3/28/2023,103,103,100.28,101.36,"24,913,480"
3/27/2023,105.32,105.4,102.63,103.06,"25,393,420"
3/24/2023,105.74,106.16,104.74,106.06,"25,245,010"
3/23/2023,105.89,107.1,105.41,106.26,"31,385,820"
3/22/2023,105.14,107.51,104.21,104.22,"32,336,881"
3/21/2023,101.98,105.96,101.86,105.84,"33,122,801"
3/20/2023,101.06,102.58,100.79,101.93,"26,033,920"
3/17/2023,100.84,103.49,100.75,102.46,"76,140,312"
3/16/2023,96.57,101.97,95.87,101.07,"54,588,199"
3/15/2023,93.54,97.25,93.04,96.55,"38,367,328"
3/14/2023,93.07,94.83,92.78,94.25,"32,303,881"
3/13/2023,90.57,93.08,89.94,91.66,"31,508,570"
3/10/2023,92.5,93.18,90.8,91.01,"32,850,090"
3/9/2023,94.49,95.92,92.36,92.66,"24,438,891"
3/8/2023,94.41,96.24,94.41,94.65,"25,395,199"
3/7/2023,95.42,96.09,93.84,94.17,"24,101,539"
3/6/2023,94.36,96.3,94.3,95.58,"28,288,211"
3/3/2023,92.74,94.11,92.66,94.02,"30,242,539"
3/2/2023,89.86,92.48,89.77,92.31,"23,344,561"
3/1/2023,90.16,91.2,89.85,90.51,"26,323,881"
2/28/2023,89.54,91.45,89.52,90.3,"30,546,910"
2/27/2023,90.09,90.45,89.61,90.1,"22,724,260"
2/24/2023,89.63,90.13,88.86,89.35,"31,295,619"
2/23/2023,92.13,92.13,90.01,91.07,"32,423,721"
2/22/2023,91.93,92.36,90.87,91.8,"29,891,141"
2/21/2023,93.24,93.41,92,92.05,"28,367,199"
2/17/2023,95.07,95.75,93.45,94.59,"31,095,070"
2/16/2023,95.54,97.88,94.97,95.78,"35,642,113"
2/15/2023,94.74,97.34,94.36,97.1,"37,029,887"
2/14/2023,94.66,95.18,92.65,94.95,"42,513,078"
2/13/2023,95.01,95.35,94.05,95,"43,116,559"
2/10/2023,95.74,97.02,94.53,94.86,"49,325,281"
2/9/2023,100.54,100.61,93.86,95.46,"97,798,570"
2/8/2023,102.69,103.58,98.46,100,"73,546,031"
2/7/2023,103.63,108.67,103.55,108.04,"33,738,832"
2/6/2023,102.69,104.7,102.21,103.47,"25,573,051"
2/3/2023,103.51,108.02,103.3,105.22,"36,823,422"
2/2/2023,106.79,108.82,106.54,108.8,"46,622,633"
2/1/2023,99.74,102.19,98.42,101.43,"26,392,570"
1/31/2023,97.86,99.91,97.79,99.87,"22,306,779"
1/30/2023,98.75,99.41,97.52,97.95,"24,365,141"
1/27/2023,99.05,101.58,98.97,100.71,"29,020,350"
1/26/2023,98.28,99.21,96.82,99.16,"24,542,061"
1/25/2023,97.2,97.72,95.26,96.73,"31,000,850"
1/24/2023,99.55,101.09,98.7,99.21,"27,391,369"
1/23/2023,99.13,101.4,98.75,101.21,"31,791,779"
1/20/2023,95.95,99.42,95.91,99.28,"53,704,762"
1/19/2023,91.39,94.4,91.38,93.91,"28,707,650"
1/18/2023,92.94,93.59,91.4,91.78,"19,641,619"
1/17/2023,92.78,92.97,90.84,92.16,"22,935,820"
1/13/2023,91.53,92.98,90.93,92.8,"18,630,711"
1/12/2023,92.4,92.62,90.57,91.91,"22,754,221"
1/11/2023,90.06,92.45,89.74,92.26,"25,998,840"
1/10/2023,86.72,89.48,86.7,89.24,"22,855,590"
1/9/2023,89.2,90.83,88.58,88.8,"22,996,680"
1/6/2023,87.36,88.47,85.57,88.16,"26,612,631"
1/5/2023,88.07,88.21,86.56,86.77,"23,136,080"
1/4/2023,91.01,91.24,87.8,88.71,"27,046,480"
1/3/2023,89.83,91.55,89.02,89.7,"20,738,461"
12/30/2022,87.37,88.83,87.03,88.73,"19,190,301"
12/29/2022,87.03,89.37,86.99,88.95,"18,280,660"
12/28/2022,87.5,88.52,86.37,86.46,"17,879,570"
12/27/2022,89.31,89.5,87.54,87.93,"15,470,870"
12/23/2022,87.62,90.1,87.62,89.81,"17,815,010"
12/22/2022,88.93,89.18,86.94,88.26,"23,656,070"
12/21/2022,89.73,90.92,88.91,90.25,"20,336,391"
12/20/2022,88.73,89.78,88.04,89.63,"21,976,850"
12/19/2022,90.88,91.2,88.93,89.15,"23,020,539"
12/16/2022,91.2,91.75,90.01,90.86,"48,485,512"
12/15/2022,93.54,94.03,90.43,91.2,"28,298,760"
12/14/2022,95.54,97.22,93.94,95.31,"26,452,939"
12/13/2022,98.07,99.8,95.38,95.85,"34,788,520"
12/12/2022,93.09,93.87,91.9,93.56,"27,380,949"
12/9/2022,93.9,94.49,93.02,93.07,"21,885,311"
12/8/2022,95.69,95.87,93.8,93.95,"25,593,230"
12/7/2022,96.77,97.31,95.03,95.15,"26,647,881"
12/6/2022,99.67,100.21,96.76,97.31,"20,877,619"
12/5/2022,99.82,101.75,99.36,99.87,"19,955,551"
12/2/2022,99.37,101.15,99.17,100.83,"18,821,529"
12/1/2022,101.4,102.59,100.67,101.28,"21,771,539"
11/30/2022,95.12,101.45,94.67,101.45,"39,888,070"
11/29/2022,96,96.39,94.39,95.44,"20,220,010"
11/28/2022,97.2,97.83,95.89,96.25,"19,981,971"
11/25/2022,98.47,98.94,97.53,97.6,"8,567,819"
11/23/2022,97.34,99.07,97.34,98.82,"17,568,859"
11/22/2022,96.16,97.55,94.41,97.33,"18,868,850"
11/21/2022,97.56,98.72,95.67,95.83,"18,696,869"
11/18/2022,99.01,99.16,96.74,97.8,"24,969,881"
11/17/2022,97.18,99.48,97.1,98.5,"21,818,730"
11/16/2022,98.02,99.85,97.9,98.99,"24,660,199"
11/15/2022,98.67,100.42,97.02,98.72,"31,830,971"
11/14/2022,95.5,97.18,95.11,96.03,"24,170,080"
11/11/2022,94.71,97.36,94.16,96.73,"30,569,109"
11/10/2022,92.34,94.55,91.65,94.17,"42,371,219"
11/9/2022,88.55,89.49,87.36,87.4,"26,743,881"
11/8/2022,89.16,90.41,87.65,88.91,"30,172,000"
11/7/2022,87.34,88.94,86.96,88.65,"26,899,881"
11/4/2022,85.51,86.73,83.88,86.7,"40,173,281"
11/3/2022,86.35,86.55,83.45,83.49,"48,510,359"
11/2/2022,90.91,91.3,87.01,87.07,"43,553,551"
11/1/2022,95.59,96.17,90.43,90.5,"43,220,602"
10/31/2022,95.78,96.35,94.38,94.66,"29,868,711"
10/28/2022,92.53,96.86,92.32,96.58,"35,696,930"
10/27/2022,94.31,95.17,91.9,92.6,"54,036,488"
10/26/2022,96.76,98.54,94.57,94.82,"71,671,805"
10/25/2022,103.3,105.1,103.02,104.93,"29,910,170"
10/24/2022,102.09,103.1,100.3,102.97,"24,680,830"
10/21/2022,98.46,101.62,98.23,101.48,"28,988,730"
10/20/2022,100.82,103,99.97,100.53,"25,125,080"
10/19/2022,100.7,101.66,99.64,100.29,"21,573,689"
10/18/2022,103.94,104.22,100.65,101.39,"21,610,539"
10/17/2022,99.52,101.77,99.51,100.78,"23,311,600"
10/14/2022,100.63,101.29,97.03,97.18,"22,624,830"
10/13/2022,95.93,100.53,95.27,99.71,"32,812,219"
10/12/2022,98.27,99.65,97.67,98.3,"17,343,430"
10/11/2022,98.25,100.12,97.25,98.05,"21,617,730"
10/10/2022,99.85,99.99,97.87,98.71,"16,529,900"
10/7/2022,100.65,101.42,99.21,99.57,"24,249,910"
10/6/2022,101.5,103.73,101.5,102.24,"17,156,240"
10/5/2022,100.69,102.74,99.74,102.22,"18,475,520"
10/4/2022,101.04,102.72,101.04,102.41,"22,580,930"
10/3/2022,97.22,99.97,97.02,99.3,"24,840,029"
9/30/2022,97.73,99.49,96.03,96.15,"26,277,830"
9/29/2022,99.3,99.3,96.52,98.09,"21,921,520"
9/28/2022,98.02,101.4,97.8,100.74,"24,617,000"
9/27/2022,99.91,100.46,97.34,98.09,"24,224,990"
9/26/2022,98.61,100.44,98.38,98.81,"22,437,939"
9/23/2022,100.06,100.11,98.01,99.17,"25,656,961"
9/22/2022,99.45,101.68,99.41,100.57,"21,272,680"
9/21/2022,102.24,103.49,99.99,100.01,"26,596,760"
9/20/2022,102.88,103.17,101.12,101.83,"24,001,670"
9/19/2022,102.54,104.02,102.37,103.85,"19,738,600"
9/16/2022,102.97,104.03,101.86,103.63,"64,540,121"
9/15/2022,105.01,106.21,103.31,103.9,"26,494,930"
9/14/2022,105.44,106.1,104.5,105.87,"22,115,811"
9/13/2022,108.89,109.37,105,105.31,"33,014,988"
9/12/2022,111.99,112.64,110.93,111.87,"19,732,910"
9/9/2022,110.05,112,110,111.78,"21,745,029"
9/8/2022,109.18,110.58,108.06,109.42,"21,660,650"
9/7/2022,107.76,110.99,107.62,110.48,"22,987,180"
9/6/2022,108.14,108.88,106.51,107.48,"20,565,051"
9/2/2022,111.34,111.68,108.13,108.68,"20,618,080"
9/1/2022,109.2,111.22,108.19,110.55,"22,784,391"
8/31/2022,111.63,111.77,109.05,109.15,"25,897,980"
8/30/2022,111.03,111.37,108.8,109.91,"20,548,199"
8/29/2022,110.78,111.96,109.81,110.34,"20,386,141"
8/26/2022,115.81,116.6,111.22,111.3,"31,698,670"
8/25/2022,115.15,117.78,115.05,117.7,"14,874,670"
8/24/2022,114.45,115.72,113.78,114.7,"16,051,170"
8/23/2022,114.32,115.93,114.3,114.77,"14,390,690"
8/22/2022,116.1,116.5,114.67,115.07,"19,316,020"
8/19/2022,119.87,120,117.67,118.12,"20,186,980"
8/18/2022,120.23,121.69,119.55,120.86,"15,652,030"
8/17/2022,120.93,122.15,120.2,120.32,"17,589,160"
8/16/2022,122.32,123.23,121.54,122.51,"15,626,170"
8/15/2022,122.21,123.26,121.57,122.88,"15,524,950"
8/12/2022,121.16,122.65,120.4,122.65,"16,121,090"
8/11/2022,122.08,122.34,119.55,119.82,"16,671,631"
8/10/2022,119.59,121.78,119.36,120.65,"20,497,020"
8/9/2022,117.99,118.2,116.56,117.5,"15,424,260"
8/8/2022,119.12,120.86,117.83,118.14,"17,061,109"
8/5/2022,116.93,118.86,116.71,118.22,"15,615,660"
8/4/2022,118.3,119.5,117.71,118.87,"15,757,700"
8/3/2022,116.34,119.42,116.15,118.78,"25,302,820"
8/2/2022,114.43,117.08,114.26,115.9,"17,911,039"
8/1/2022,115.53,117.12,114.69,115.48,"22,856,199"
7/29/2022,113.4,116.9,113.23,116.64,"31,336,180"
7/28/2022,112.8,114.7,111.85,114.59,"23,303,840"
7/27/2022,109.6,114.4,108.42,113.6,"41,474,621"
7/26/2022,107.43,107.74,104.76,105.44,"36,626,633"
7/25/2022,108.88,110.58,107.01,108.21,"28,289,939"
7/22/2022,111.81,113.18,107.6,108.36,"44,455,301"
7/21/2022,115.09,115.21,111.91,115.04,"27,267,850"
7/20/2022,114.06,116.33,113.26,114.7,"26,780,090"
7/19/2022,111.73,114.81,110.5,114.62,"30,992,330"
7/18/2022,113.44,114.8,109.3,109.91,"33,353,988"
7/15/2022,112.96,114,111.82,112.77,"34,330,760"
7/14/2022,110.83,111.99,109.33,111.44,"32,365,540"
7/13/2022,112.64,115.16,111.82,112.19,"38,958,860"
7/12/2022,116.84,117.85,114.62,114.85,"24,970,160"
7/11/2022,118.65,118.79,116.23,116.52,"26,830,460"
7/8/2022,117.55,120.44,117.51,120.17,"29,082,200"
7/7/2022,116.01,119.86,115.53,119.31,"32,183,940"
7/6/2022,114.09,116.35,112.25,115.21,"28,852,680"
7/5/2022,107.51,114.05,106.25,113.89,"36,429,380"
7/1/2022,108.34,109.81,107.11,109.08,"31,027,880"
6/30/2022,110.5,111.33,107.31,109.37,"38,046,040"
6/29/2022,112.15,113.66,111.55,112.26,"18,627,860"
6/28/2022,116.35,117.86,112.44,112.57,"28,316,220"
6/27/2022,118.94,119.25,116,116.62,"32,839,300"
6/24/2022,113.6,118.64,113.6,118.54,"39,122,760"
6/23/2022,112.95,113.2,111.03,112.68,"24,709,720"
6/22/2022,111.16,113.77,110.72,112.03,"23,921,720"
6/21/2022,109.7,112.67,109.29,112.02,"39,010,280"
6/17/2022,106.54,109.25,105.63,107.87,"43,516,660"
6/16/2022,108.15,109.29,105.79,106.64,"35,313,240"
6/15/2022,108.9,112.06,108.12,110.39,"33,192,020"
6/14/2022,106.89,108.46,106.35,107.19,"25,480,940"
6/13/2022,107.45,109.22,106.59,106.88,"36,756,200"
6/10/2022,112.78,113.5,110.86,111.43,"31,349,740"
6/9/2022,116.34,118.35,114.87,114.92,"23,141,600"
6/8/2022,116.88,118.65,116.7,117.24,"22,544,260"
6/7/2022,115.65,117.75,115.13,117.23,"26,413,540"
6/6/2022,116.74,119.4,116.53,117.01,"23,786,720"
6/3/2022,115.99,116.36,113.67,114.56,"24,952,080"
6/2/2022,114.19,117.9,113.31,117.75,"27,495,400"
6/1/2022,114.93,117.4,113.55,114.14,"28,629,280"
5/31/2022,113.08,116.43,112.57,114.04,"51,301,920"
5/27/2022,109.79,112.87,109.55,112.8,"29,924,420"
5/26/2022,106.05,108.96,105.49,108.3,"30,287,480"
5/25/2022,105.14,106.54,104.21,105.84,"37,899,340"
5/24/2022,106.38,106.4,102.21,105.93,"60,386,380"
5/23/2022,110.1,112.01,109.15,111.67,"31,558,220"
5/20/2022,112.09,112.55,106.37,109.31,"37,586,020"
5/19/2022,111.84,113.59,110.47,110.75,"29,191,740"
5/18/2022,115.24,115.7,112.14,112.4,"27,982,760"
5/17/2022,117.23,117.23,115.34,116.7,"21,576,080"
5/16/2022,115.38,116.61,114.34,114.79,"23,282,380"
5/13/2022,114.85,118.09,114,116.52,"29,737,560"
5/12/2022,111.94,114.86,110.11,113.16,"41,464,880"
5/11/2022,113.71,116.67,113.65,113.96,"36,501,640"
5/10/2022,116.04,116.69,113.38,114.58,"31,157,780"
5/9/2022,113.3,115.56,112.55,113.08,"34,520,960"
5/6/2022,115.52,117.5,114.14,115.66,"35,309,480"
5/5/2022,120.22,121.23,115.18,116.75,"43,089,040"
5/4/2022,118,123.14,115.74,122.58,"33,231,460"
5/3/2022,116.77,119.3,116.63,118.13,"21,215,740"
5/2/2022,113.91,117.34,113.4,117.16,"30,279,640"
4/29/2022,117.58,118.96,114.69,114.97,"33,693,100"
4/28/2022,117.12,120.44,115.14,119.41,"36,790,940"
4/27/2022,114.37,117.5,113.12,115.02,"62,238,120"
4/26/2022,122.75,122.75,119.16,119.51,"49,393,040"
4/25/2022,119.43,123.28,118.77,123.25,"34,521,800"
4/22/2022,125,125.45,119.14,119.61,"46,410,300"
4/21/2022,129.35,130.31,124.65,124.94,"30,157,540"
4/20/2022,131.28,131.92,127.89,128.25,"22,609,380"
4/19/2022,128.08,130.9,127.45,130.53,"22,719,300"
4/18/2022,127.41,128.71,126.58,127.96,"14,917,200"
4/14/2022,130.65,130.71,127.11,127.25,"23,483,360"
4/13/2022,128.63,130.66,128.44,130.29,"19,542,960"
4/12/2022,132.42,132.42,127.58,128.37,"23,003,220"
4/11/2022,132.9,132.94,129.62,129.8,"24,187,340"
4/8/2022,136.25,136.25,133.75,134.01,"16,434,480"
4/7/2022,136.62,137.7,134.86,136.47,"19,448,540"
4/6/2022,139.16,139.85,136.42,137.18,"23,574,600"
4/5/2022,143.4,143.59,140.94,141.06,"19,255,560"
4/4/2022,140.82,144.04,140.82,143.64,"19,084,900"
4/1/2022,140.01,140.95,138.8,140.7,"23,480,020"
3/31/2022,142.45,142.64,139.62,139.65,"29,516,320"
3/30/2022,142.87,143.48,142.17,142.64,"21,046,380"
3/29/2022,143.16,144.16,142.48,143.25,"28,678,420"
3/28/2022,140.68,141.98,139.83,141.95,"23,773,080"
3/25/2022,141.75,141.96,139.7,141.52,"19,289,080"
3/24/2022,139.27,141.4,138.04,141.31,"20,544,720"
3/23/2022,139.14,140.03,138.17,138.5,"25,302,320"
3/22/2022,136.5,141.5,136.5,140.28,"29,776,860"
3/21/2022,136.85,137.58,134.61,136.48,"26,632,460"
3/18/2022,133.88,136.91,132.93,136.8,"45,899,700"
3/17/2022,133.32,134.74,132.72,134.6,"23,994,380"
3/16/2022,131,133.77,129.2,133.69,"32,058,200"
3/15/2022,127.74,130.52,126.57,129.66,"30,292,600"
3/14/2022,130.57,131.03,126.41,126.74,"30,253,860"
3/11/2022,134,134.2,130.3,130.48,"26,599,800"
3/10/2022,131.46,133.54,131.4,132.68,"24,265,200"
3/9/2022,131.4,134.2,130.09,133.87,"32,257,440"
3/8/2022,126.25,131.25,125.86,127.28,"35,249,560"
3/7/2022,131.9,131.9,126.41,126.46,"39,177,900"
3/4/2022,133.38,134.2,130.41,132.12,"24,472,240"
3/3/2022,135.98,136.71,133.43,134.31,"19,779,300"
3/2/2022,134.61,135.62,133.43,134.75,"23,966,740"
3/1/2022,134.48,136.11,133.38,134.17,"24,639,920"
2/28/2022,133.28,135.64,132.83,134.89,"29,675,680"
2/25/2022,133.53,135.39,131.77,134.52,"26,235,860"
2/24/2022,125,133.04,124.76,132.67,"43,165,080"
2/23/2022,131.08,131.75,127.5,127.59,"26,431,280"
2/22/2022,129.99,131.9,127.74,129.4,"38,906,580"
2/18/2022,133.04,133.82,130.31,130.47,"31,858,600"
2/17/2022,136.15,136.84,132.2,132.31,"30,968,120"
2/16/2022,136.43,137.95,134.82,137.49,"25,609,660"
2/15/2022,137.47,137.9,135.54,136.43,"26,577,560"
2/14/2022,133.37,136.17,133.3,135.3,"26,792,800"
2/11/2022,138.75,139.28,133.29,134.13,"38,808,800"
2/10/2022,139.5,141.43,138.05,138.6,"33,017,700"
2/9/2022,140.85,142.18,140.38,141.45,"28,627,160"
2/8/2022,138.99,139.84,136.87,139.21,"34,255,040"
2/7/2022,143.71,143.85,138.7,138.94,"44,610,740"
2/4/2022,143.02,144.54,139.82,143.02,"49,224,400"
2/3/2022,145.3,149.12,142.21,142.65,"56,930,140"
2/2/2022,151.86,152.1,145.56,148.04,"89,750,760"
2/1/2022,137.84,138.2,134.57,137.88,"51,203,200"
1/31/2022,134.2,135.84,132.27,135.7,"34,055,560"
1/28/2022,130,133.37,128.69,133.29,"30,517,560"
1/27/2022,131.36,132.61,128.95,129.12,"30,285,020"
1/26/2022,130.59,132.81,127.15,129.24,"39,630,880"
1/25/2022,128.44,129.34,126.38,126.74,"36,008,600"
1/24/2022,126.03,130.78,124.64,130.37,"55,292,040"
1/21/2022,133.01,134.76,130,130.09,"41,919,220"
1/20/2022,136.51,137.91,133.14,133.51,"21,930,560"
1/19/2022,136.94,138.4,135.5,135.65,"20,795,280"
1/18/2022,136.6,137.39,135.62,136.29,"27,401,960"
1/14/2022,137.5,141.2,137.5,139.79,"23,825,920"
1/13/2022,141.84,143.19,138.91,139.13,"26,565,080"
1/12/2022,141.55,142.81,141.11,141.65,"23,641,580"
1/11/2022,138.18,140.33,136.81,140.02,"23,501,240"
1/10/2022,135.1,138.64,133.14,138.57,"34,095,680"
1/7/2022,137.91,138.25,135.79,137,"19,408,240"
1/6/2022,137.5,139.69,136.76,137.55,"29,049,040"
1/5/2022,144.18,144.3,137.52,137.65,"49,641,520"
1/4/2022,145.55,146.61,143.82,144.42,"22,927,780"
1/3/2022,144.48,145.55,143.5,145.07,"25,224,500"
12/31/2021,145.54,146.37,144.68,144.68,"17,297,700"
12/30/2021,146.45,147.06,145.76,146,"12,977,020"
12/29/2021,146.43,147.18,145.5,146.5,"17,024,720"
12/28/2021,148.37,148.37,145.94,146.45,"18,635,840"
12/27/2021,147.46,148.43,147.25,148.06,"13,259,320"
12/23/2021,147.09,148.57,146.95,147.14,"13,818,680"
12/22/2021,144.1,147.3,143.96,146.95,"18,440,480"
12/21/2021,143.15,144.69,141.74,144.22,"19,551,940"
12/20/2021,140.68,142.61,140.25,142.4,"20,263,520"
12/17/2021,142.71,144.46,141.79,142.8,"43,404,700"
12/16/2021,148.08,148.55,144.09,144.84,"27,399,740"
12/15/2021,144.37,147.52,142.71,147.37,"27,280,960"
12/14/2021,144.77,145.44,142.24,144.97,"24,778,800"
12/13/2021,148.44,148.56,146.36,146.7,"24,103,920"
12/10/2021,149.1,149.4,147.36,148.68,"21,638,460"
12/9/2021,148.18,149.61,147.53,148.11,"18,580,600"
12/8/2021,148.33,149.16,147.2,148.72,"18,963,940"
12/7/2021,145.95,148.3,145.7,148.04,"23,258,280"
12/6/2021,143.57,144.35,140.65,143.8,"22,197,700"
12/3/2021,144.5,145.21,141.15,142.52,"26,687,480"
12/2/2021,141.82,144.68,140.98,143.78,"21,250,700"
12/1/2021,144.21,146.5,141.5,141.62,"28,545,780"
11/30/2021,145.45,146.63,142.07,142.45,"41,590,520"
11/29/2021,144.3,146.86,144.3,146.11,"26,276,120"
11/26/2021,145.02,145.3,142.49,142.81,"16,992,120"
11/24/2021,146.35,147,145.2,146.72,"16,464,060"
11/23/2021,147.11,147.69,144.89,146.76,"18,133,140"
11/22/2021,150.14,150.74,147.01,147.08,"24,627,700"
11/19/2021,151,151.85,149.89,149.95,"19,782,960"
11/18/2021,149.15,151.61,149,150.71,"26,682,400"
11/17/2021,149.23,149.63,148.56,149.06,"15,290,820"
11/16/2021,149.17,149.83,148.35,149.08,"17,254,860"
11/15/2021,150,150.48,148.65,149.39,"16,247,340"
11/12/2021,147.83,149.86,146.45,149.65,"17,047,660"
11/11/2021,147.11,148.5,146.69,146.75,"12,463,100"
11/10/2021,148.01,148.7,145.33,146.63,"22,708,320"
11/9/2021,149.75,150.38,147.51,149.25,"16,875,560"
11/8/2021,150,151.03,149.12,149.35,"18,388,140"
11/5/2021,149.35,150.57,148.65,149.24,"20,408,140"
11/4/2021,147.2,149.95,146.64,148.68,"24,700,800"
11/3/2021,146.28,146.91,145.05,146.79,"17,886,600"
11/2/2021,144.81,146.92,144.64,145.86,"21,150,580"
11/1/2021,148.17,148.4,143.58,143.77,"32,272,100"
10/29/2021,145.52,148.61,145.17,148.27,"28,954,500"
10/28/2021,147.3,147.42,144.76,146.13,"32,418,060"
10/27/2021,139.9,149.12,139.9,146.43,"51,850,920"
10/26/2021,140.61,140.84,139.01,139.67,"28,258,740"
10/25/2021,138.81,139.21,136.75,138.77,"21,081,700"
10/22/2021,140.35,141.56,137.17,138.63,"30,182,640"
10/21/2021,142.19,142.85,141.64,142.78,"14,849,920"
10/20/2021,144.22,144.25,141.91,142.42,"17,939,500"
10/19/2021,143.29,144.11,143.1,143.82,"15,315,840"
10/18/2021,141.21,143,141.21,142.96,"16,567,200"
10/15/2021,142.2,142.2,141.06,141.68,"21,253,360"
10/14/2021,139.95,141.65,139.34,141.41,"21,437,560"
10/13/2021,137.75,138.55,136.98,137.9,"16,393,280"
10/12/2021,139.64,139.7,136.25,136.71,"22,535,020"
10/11/2021,139.8,140.76,138.81,138.85,"16,584,760"
10/8/2021,139.91,140.32,139.43,140.06,"18,928,420"
10/7/2021,138.86,140.15,138.56,139.19,"18,250,460"
10/6/2021,134.63,137.85,134.49,137.35,"19,764,320"
10/5/2021,134,137.36,134,136.18,"24,126,740"
10/4/2021,135.7,135.7,131.17,133.77,"31,529,900"
10/1/2021,133.55,137.07,133.38,136.46,"28,387,300"
9/30/2021,134.33,135.59,133,133.27,"35,363,980"
9/29/2021,137.11,137.4,134.25,134.52,"26,337,220"
9/28/2021,139.09,139.61,135.7,136.18,"42,189,660"
9/27/2021,141.59,142.5,140.5,141.5,"18,844,080"
9/24/2021,140.95,142.9,140.85,142.63,"14,949,340"
9/23/2021,141.61,142.25,141.1,141.83,"17,276,100"
9/22/2021,140.05,141.58,139.47,140.94,"22,067,800"
9/21/2021,140.12,140.81,138.91,139.65,"18,129,380"
9/20/2021,139,139.36,137.05,139.02,"34,917,720"
9/17/2021,143.8,144.25,141.06,141.46,"60,039,820"
9/16/2021,145.12,145.2,143.42,144.37,"20,298,840"
9/15/2021,143.76,145.58,142.26,145.21,"20,653,420"
9/14/2021,144.16,144.73,142.91,143.41,"18,919,140"
9/13/2021,143.2,144.19,142.28,143.47,"20,175,620"
9/10/2021,145.44,146.02,141.74,141.92,"32,896,620"
9/9/2021,144.88,145.67,144.43,144.91,"14,798,560"
9/8/2021,145.39,145.55,144.2,144.88,"15,491,660"
9/7/2021,144.75,145.82,144.54,145.52,"15,172,600"
9/3/2021,144.15,145.38,143.51,144.78,"19,110,480"
9/2/2021,145.95,146.33,144.11,144.22,"21,855,800"
9/1/2021,145.65,146.82,145.61,145.84,"15,824,680"
8/31/2021,145.88,146.11,145,145.46,"26,756,420"
8/30/2021,144.7,146.49,144.6,145.47,"16,915,900"
8/27/2021,142.11,145.01,142.02,144.55,"24,568,240"
8/26/2021,142.62,143.13,142.09,142.12,"14,922,000"
8/25/2021,142.88,143.31,142.44,142.95,"12,843,060"
8/24/2021,141.54,143.01,141.35,142.4,"15,126,260"
8/23/2021,139,142.18,138.75,141.1,"21,089,680"
8/20/2021,137.08,138.61,136.47,138.44,"15,566,740"
8/19/2021,135.47,137.45,135.36,136.91,"18,295,920"
8/18/2021,137.12,138.29,136.42,136.57,"14,934,460"
8/17/2021,138.19,138.72,136.79,137.3,"21,274,020"
8/16/2021,138,138.99,136.17,138.92,"18,050,840"
8/13/2021,138.36,138.67,138.01,138.41,"12,580,580"
8/12/2021,137.71,138.42,136.78,138.39,"14,649,400"
8/11/2021,138.28,138.85,137.35,137.69,"15,209,660"
8/10/2021,138.08,138.55,137.23,138.1,"16,039,080"
8/9/2021,136.95,138.32,136.43,138,"12,379,560"
8/6/2021,136.3,137.08,136.05,137.04,"13,565,020"
8/5/2021,136.03,136.95,135.6,136.94,"11,871,780"
8/4/2021,136.25,136.54,135.42,136.03,"16,527,140"
8/3/2021,136,136.34,134.18,136.28,"19,064,000"
8/2/2021,135.48,136.02,134.67,135.99,"20,140,040"
7/30/2021,135.51,135.77,134.81,135.22,"23,954,500"
7/29/2021,136.38,137.15,136.14,136.54,"19,283,340"
7/28/2021,138.56,139.68,136.35,136.38,"54,688,340"
7/27/2021,140.01,140.01,135.1,136.8,"42,163,060"
7/26/2021,138.25,139.71,137.65,139.64,"23,052,460"
7/23/2021,135.26,138.81,134.7,137.82,"26,377,740"
7/22/2021,132.65,133.5,132.4,133.33,"13,608,140"
7/21/2021,130.79,132.62,130.6,132.6,"14,741,640"
7/20/2021,130,132,129.19,131.1,"19,083,120"
7/19/2021,131.16,131.25,128.54,129.25,"25,709,320"
7/16/2021,131.64,132.18,130.82,131.85,"14,861,180"
7/15/2021,132.5,132.6,130.6,131.27,"16,586,320"
7/14/2021,131.9,133,131.9,132.08,"17,918,540"
7/13/2021,130.88,132.04,130.64,130.99,"16,617,960"
7/12/2021,129.83,130.77,129.6,130.56,"16,950,920"
7/9/2021,128.94,129.85,128.94,129.57,"15,109,320"
7/8/2021,128.25,130.03,128.04,129.18,"19,779,500"
7/7/2021,130.34,130.64,129.76,130.08,"16,683,720"
7/6/2021,129.45,129.88,128.41,129.77,"21,350,340"
7/2/2021,126.84,128.85,126.77,128.72,"21,165,120"
7/1/2021,124.85,126.46,124.85,126.37,"17,124,600"
6/30/2021,125.65,125.8,124.76,125.32,"24,009,560"
6/29/2021,126.77,127,125.44,126.02,"20,949,560"
6/28/2021,127,127.34,125.97,126.82,"28,110,860"
6/25/2021,126.96,127.51,126.44,127,"33,485,940"
6/24/2021,127.05,127.54,126.96,127.28,"18,933,240"
6/23/2021,126.55,127.8,126.25,126.46,"19,693,160"
6/22/2021,126.45,127.27,126.03,127,"20,986,200"
6/21/2021,125.74,127.04,125.13,126.46,"26,256,520"
6/18/2021,125.71,126.39,124.6,125.57,"53,306,200"
6/17/2021,125.52,127.2,125.52,126.37,"25,755,820"
6/16/2021,126.25,126.52,124.15,125.7,"26,316,760"
6/15/2021,126.52,126.86,125.65,126.03,"22,182,600"
6/14/2021,125.67,126.41,125.05,126.35,"22,550,440"
6/11/2021,126.25,126.35,124.91,125.7,"25,246,180"
6/10/2021,124.7,126.16,124.7,126.08,"31,234,660"
6/9/2021,124.98,125.25,124.37,124.57,"20,126,740"
6/8/2021,124,124.72,123.41,124.14,"25,065,060"
6/7/2021,122.57,123.4,122.05,123.3,"23,849,060"
6/4/2021,121.13,122.69,120.89,122.59,"25,948,680"
6/3/2021,119.75,120.49,119.14,120.23,"18,345,820"
6/2/2021,121.77,122.1,120.21,121.06,"17,162,100"
6/1/2021,121.1,121.9,120.24,121.49,"19,165,780"
5/28/2021,121.1,121.41,120.38,120.58,"24,107,640"
5/27/2021,121.85,122,120.1,120.13,"38,962,260"
5/26/2021,120.64,122.15,120.63,121.68,"21,856,380"
5/25/2021,121,121.64,120.15,120.45,"18,838,560"
5/24/2021,118.35,120.92,118.01,120.33,"21,243,780"
5/21/2021,118.3,118.45,117.12,117.26,"22,832,640"
5/20/2021,116.4,118.02,116.05,117.8,"23,831,860"
5/19/2021,113.22,115.84,113.18,115.44,"19,350,880"
5/18/2021,116.85,117.16,115.16,115.17,"17,302,380"
5/17/2021,115.47,116.17,114.75,116.07,"19,835,840"
5/14/2021,114.59,116.06,114.17,115.81,"26,624,960"
5/13/2021,113.05,113.83,112.14,113.1,"26,670,160"
5/12/2021,113.09,114.27,111.5,111.95,"34,933,280"
5/11/2021,114.59,116.1,114.15,115.44,"32,110,960"
5/10/2021,118.74,118.9,116.74,117.08,"26,005,420"
5/7/2021,120,120.82,119.5,119.93,"23,277,840"
5/6/2021,117.53,119.14,117.12,119.07,"20,617,180"
5/5/2021,118.42,119.11,117.57,117.84,"21,805,500"
5/4/2021,118.49,118.96,115.59,117.71,"35,120,300"
5/3/2021,120.14,120.99,119.23,119.76,"33,787,780"
4/30/2021,120.22,121.36,120.11,120.51,"39,142,600"
4/29/2021,120.52,121.83,120.11,121.49,"39,553,540"
4/28/2021,120.36,122.62,118.74,119,"59,728,780"
4/27/2021,116.8,116.87,115.21,115.36,"31,971,660"
4/26/2021,116,117.06,115.69,116.34,"20,833,000"
4/26/2021,116,117.06,115.69,116.34,"20,833,000"
4/23/2021,114.17,116.29,113.91,115.77,"28,703,240"
4/22/2021,114.66,115.19,112.82,113.4,"21,096,160"
4/21/2021,114.26,114.77,112.93,114.66,"23,934,620"
4/20/2021,115.39,115.48,113.59,114.68,"21,774,980"
4/19/2021,114.6,115.92,114.39,115.12,"24,688,900"
4/16/2021,115.15,115.32,114.22,114.89,"22,601,800"
4/15/2021,113.85,115.33,113.3,114.83,"27,472,240"
4/14/2021,113.76,113.9,112.46,112.74,"20,219,340"
4/13/2021,113.07,113.86,112.8,113.36,"23,316,080"
4/12/2021,113.31,113.77,111.92,112.74,"31,317,020"
4/9/2021,112.84,114.45,112.69,114.29,"20,887,300"
4/8/2021,113.9,114.2,112.88,113.27,"27,165,180"
4/7/2021,111.31,112.75,111.27,112.48,"25,797,220"
4/6/2021,111.13,111.88,110.74,111.24,"27,060,720"
4/5/2021,107.65,111.87,107.58,111.28,"43,297,500"
4/1/2021,104.9,107.15,104.84,106.89,"33,979,560"
3/31/2021,102.96,104.67,102.84,103.43,"29,198,600"
3/30/2021,102.88,103.54,102.2,102.78,"20,735,480"
3/29/2021,101.39,102.92,100.78,102.8,"24,595,540"
3/26/2021,101.94,102.55,100.7,101.78,"29,876,000"
3/25/2021,102.24,102.94,100.54,102.22,"28,378,140"
3/24/2021,103.27,103.91,102.08,102.25,"23,080,580"
3/23/2021,102.59,103.62,101.96,102.65,"27,339,940"
3/22/2021,102.09,102.9,101.3,101.93,"39,096,320"
3/19/2021,102.1,102.66,100.88,102.16,"46,297,860"
3/18/2021,103.05,103.78,101.68,101.81,"27,248,600"
3/17/2021,103.8,105.49,102.7,104.55,"25,980,320"
3/16/2021,103.95,106.18,103.5,104.63,"29,831,280"
3/15/2021,103.12,103.35,102.18,103.32,"25,966,500"
3/12/2021,104.25,104.51,102.38,103.1,"34,515,880"
3/11/2021,103.7,106.29,103.62,105.74,"24,781,600"
3/10/2021,103.59,103.75,101.67,102.75,"25,371,840"
3/9/2021,103.5,103.9,102.39,102.64,"33,946,120"
3/8/2021,105.06,106.44,101.08,101.21,"32,948,580"
3/5/2021,103.66,105.91,102.32,105.43,"43,904,360"
3/4/2021,101.17,104.46,101.01,102.45,"42,360,120"
3/3/2021,103.36,104.43,100.5,101.34,"29,683,620"
3/2/2021,103.81,105.22,103.56,103.79,"22,691,900"
3/1/2021,102.83,104.33,102.31,104.08,"28,102,300"
2/26/2021,102.53,103.55,100.8,101.84,"41,676,020"
2/25/2021,103.37,104.74,101.06,101.57,"36,568,640"
2/24/2021,102.09,105.04,101.91,104.76,"24,966,980"
2/23/2021,101.25,104.1,100.1,103.54,"33,347,540"
2/22/2021,103.35,104.57,103.11,103.24,"27,350,660"
2/19/2021,105.96,106.53,104.87,105.06,"29,152,240"
2/18/2021,105.52,106.64,105.19,105.86,"22,437,100"
2/17/2021,105,106.68,104.95,106.42,"21,418,820"
2/16/2021,105.22,107.63,105.22,106.1,"22,676,760"
2/12/2021,104.51,105.44,104.16,105.21,"17,117,300"
2/11/2021,104.98,105.1,103.87,104.79,"18,913,000"
2/10/2021,104.71,105.42,103.15,104.77,"22,709,280"
2/9/2021,103.93,105.26,103.93,104.18,"17,797,000"
2/8/2021,105.3,106.18,103.6,104.65,"24,848,220"
2/5/2021,103.5,105.13,102.97,104.9,"30,702,700"
2/4/2021,103.44,103.93,102.13,103.12,"37,046,580"
2/3/2021,103.65,105.83,100.92,103.5,"82,363,400"
2/2/2021,96.13,97.79,95.72,96.38,"45,474,460"
2/1/2021,92.68,96.12,92.55,95.07,"32,043,640"
1/29/2021,92.31,92.86,90.51,91.79,"32,251,040"
1/28/2021,92.2,94.94,92.13,93.16,"35,462,760"
1/27/2021,94.13,94.5,90.45,91.54,"54,965,840"
1/26/2021,94.44,96.25,94.21,95.86,"26,262,780"
1/25/2021,96.03,96.48,93.38,94.97,"38,546,400"
1/22/2021,94.78,95.55,94.09,95.05,"25,444,640"
1/21/2021,94.9,96.74,94.36,94.56,"41,278,640"
1/20/2021,91.57,95.19,91.28,94.35,"49,805,160"
1/19/2021,87.61,90.46,87.07,89.54,"34,692,280"
1/15/2021,86.91,87.8,86.08,86.81,"26,843,400"
1/14/2021,87.68,88.75,86.67,87.01,"23,589,540"
1/13/2021,86.93,88.25,86.9,87.72,"21,882,620"
1/12/2021,87.7,88.9,86.27,87.33,"27,153,820"
1/11/2021,89.3,89.72,88.03,88.34,"24,194,700"
1/8/2021,89.4,90.49,88.68,90.36,"41,020,040"
1/7/2021,87,89.42,86.85,89.36,"45,300,440"
1/6/2021,85.13,87.4,84.95,86.76,"52,042,280"
1/5/2021,86.25,87.38,85.9,87.05,"22,906,940"
1/4/2021,87.88,88.03,85.39,86.41,"38,037,100"
12/31/2020,86.77,87.95,86.77,87.59,"20,244,800"
12/30/2020,88.1,88.25,86.28,86.98,"26,122,600"
12/29/2020,89.39,89.62,87.8,87.94,"25,987,900"
12/28/2020,87.58,89.54,87.32,88.8,"27,860,660"
12/24/2020,86.75,87.3,86.46,86.94,"6,935,060"
12/23/2020,86.41,87.4,86.25,86.62,"20,678,340"
12/22/2020,86.72,86.87,85.63,86.18,"18,766,920"
12/21/2020,85.68,87.04,84.95,86.97,"36,567,560"
12/18/2020,87.71,87.76,86.01,86.55,"80,327,060"
12/17/2020,88.43,88.59,86.93,87.4,"32,494,880"
12/16/2020,88.64,88.65,87.8,88.15,"30,270,860"
12/15/2020,88.22,88.57,87.5,88.39,"29,645,220"
12/14/2020,88.75,89.87,87.86,88,"32,003,460"
12/11/2020,88.15,89.22,88,89.09,"24,413,020"
12/10/2020,88.49,89.07,87.02,88.77,"27,256,960"
12/9/2020,90.6,91.71,88.39,89.21,"30,151,160"
12/8/2020,90.51,91.1,89.81,90.93,"21,926,380"
12/7/2020,90.95,91.62,90.29,90.97,"26,418,920"
12/4/2020,91.23,91.66,90.85,91.4,"27,563,320"
12/3/2020,91.2,92.36,91.13,91.34,"24,545,960"
12/2/2020,89.91,91.78,89.47,91.4,"24,440,640"
12/1/2020,88.72,91.24,88.47,89.91,"34,780,900"
11/30/2020,89.06,89.4,87.75,88.04,"36,476,720"
11/27/2020,88.65,90.2,88.62,89.66,"17,698,320"
11/25/2020,88.64,88.93,87.83,88.57,"20,922,440"
11/24/2020,86.53,88.58,86.38,88.44,"31,594,060"
11/23/2020,87.48,87.7,85.89,86.74,"43,239,500"
11/20/2020,88.26,88.7,87.09,87.11,"46,273,100"
11/19/2020,86.92,88.48,86.85,88.2,"24,998,200"
11/18/2020,88.26,88.67,87.31,87.34,"23,469,320"
11/17/2020,88.85,89.25,88.35,88.51,"22,942,280"
11/16/2020,88.59,89.95,88.38,89.07,"24,935,700"
11/13/2020,87.88,89.05,87.23,88.85,"30,011,480"
11/12/2020,87.38,88.41,87.28,87.49,"24,975,080"
11/11/2020,87.5,88.21,87.37,87.64,"25,279,320"
11/10/2020,86.55,88.15,85.87,87.02,"52,722,840"
11/9/2020,89.55,90.9,88,88.15,"45,365,400"
11/6/2020,87.7,88.62,87.02,88.09,"33,224,500"
11/5/2020,89.05,89.68,87.53,88.17,"41,316,240"
11/4/2020,85.51,88.57,85.3,87.46,"71,418,540"
11/3/2020,81.59,83.09,80.83,82.51,"33,233,060"
11/2/2020,81.41,83.04,80.8,81.3,"50,708,920"
10/30/2020,83.61,84.35,80.22,81.05,"86,617,240"
10/29/2020,76.12,79.69,76.11,78.36,"40,061,280"
10/28/2020,77.99,78.07,75.73,75.83,"36,679,180"
10/27/2020,79.78,80.34,79.14,80.21,"24,580,040"
10/26/2020,81.25,81.91,78.83,79.52,"37,065,080"
10/23/2020,81.3,82.12,81.03,82.05,"27,516,880"
10/22/2020,79.65,81.1,79.25,80.77,"28,680,840"
10/21/2020,78.67,80.94,78.58,79.67,"51,366,900"
10/20/2020,76.35,78.88,76.28,77.8,"44,851,440"
10/19/2020,79.02,79.41,76.4,76.73,"32,141,500"
10/16/2020,78.29,79.06,78.15,78.65,"28,702,740"
10/15/2020,77.36,78.76,77.25,77.96,"30,816,340"
10/14/2020,78.93,79.38,77.53,78.4,"38,619,800"
10/13/2020,79.19,79.5,78.16,78.58,"32,020,860"
10/12/2020,77.15,79.69,76.63,78.46,"49,651,200"
10/9/2020,74.74,75.83,74.47,75.76,"28,710,840"
10/8/2020,73.25,74.5,73.25,74.3,"23,756,620"
10/7/2020,73.21,73.45,71.8,73.01,"34,923,120"
10/6/2020,73.78,74.34,72.43,72.67,"24,908,460"
10/5/2020,73.31,74.41,73.21,74.3,"22,265,140"
10/2/2020,73.1,74.16,72.55,72.92,"25,681,420"
10/1/2020,74.21,74.95,73.96,74.5,"35,589,940"
9/30/2020,73.34,74.49,72.99,73.48,"34,032,160"
9/29/2020,73.52,73.83,72.94,73.47,"19,582,040"
9/28/2020,73.71,73.84,72.47,73.23,"40,158,820"
9/25/2020,71.63,72.5,70.67,72.25,"26,467,500"
9/24/2020,70.55,72.19,70.49,71.41,"29,004,320"
9/23/2020,72.94,73.05,70.39,70.76,"33,147,000"
9/22/2020,72.5,73.48,71.73,73.27,"31,664,020"
9/21/2020,72,72.42,70.33,71.56,"57,776,540"
9/18/2020,74.9,75.15,71.86,73,"62,077,640"
9/17/2020,74.8,75.41,73.5,74.78,"37,595,020"
9/16/2020,77.78,78.1,75.99,76.05,"26,245,980"
9/15/2020,76.8,77.98,76.59,77.07,"26,621,640"
9/14/2020,76.95,78.2,75.79,75.96,"33,931,780"
9/11/2020,76.8,78.76,74.87,76.04,"31,941,740"
9/10/2020,78.03,79.2,76.29,76.6,"32,371,140"
9/9/2020,77.88,78.45,76.8,77.85,"35,494,080"
9/8/2020,76.68,78.19,76.4,76.62,"52,217,680"
9/4/2020,81.21,82.26,77.38,79.55,"52,171,360"
9/3/2020,85.49,85.49,80.75,82.09,"62,155,260"
9/2/2020,83.69,86.66,83.32,86.41,"50,223,600"
9/1/2020,81.83,83.29,81.61,83.04,"36,533,100"
8/31/2020,82.39,82.4,81.52,81.71,"36,468,120"
8/28/2020,81.67,82.36,81.54,82.22,"29,995,640"
8/27/2020,82.68,82.75,81.29,81.72,"37,232,040"
8/26/2020,80.4,82.96,80.18,82.62,"71,621,440"
8/25/2020,79.1,80.58,79.1,80.41,"42,641,680"
8/24/2020,79.7,80.71,79.03,79.41,"28,204,580"
8/21/2020,78.85,79.89,78.4,79.02,"28,929,060"
8/20/2020,77.17,79.29,76.91,79.09,"34,137,540"
8/19/2020,77.67,78.68,77.2,77.38,"33,212,220"
8/18/2020,76.31,78.12,76.19,77.93,"40,541,720"
8/17/2020,75.73,76.28,75.4,75.9,"27,572,000"
8/14/2020,75.78,76.1,75.14,75.39,"27,104,000"
8/13/2020,75.52,76.86,75.4,75.92,"29,104,160"
8/12/2020,74.28,75.62,74.26,75.33,"28,753,100"
8/11/2020,74.62,75.5,73.9,74.02,"29,087,300"
8/10/2020,74.36,75.2,73.65,74.81,"25,790,600"
8/7/2020,75,75.84,74.08,74.72,"31,556,520"
8/6/2020,73.59,75.12,73.3,75.01,"39,907,360"
8/5/2020,73.47,74.12,73.17,73.68,"39,599,140"
8/4/2020,73.83,74.28,72.93,73.25,"38,069,780"
8/3/2020,74.33,74.52,73.28,73.72,"46,630,280"
7/31/2020,75.25,75.45,72.7,74.15,"68,580,720"
7/30/2020,74.85,76.89,74.61,76.57,"33,427,920"
7/29/2020,75.32,76.56,75.07,76.1,"22,130,680"
7/28/2020,76.26,76.32,74.88,75.02,"34,043,480"
7/27/2020,75.78,77.05,75.76,76.51,"24,919,600"
7/24/2020,74.95,75.88,74.42,75.59,"30,888,080"
7/23/2020,78.35,78.59,75.37,75.78,"32,552,680"
7/22/2020,78.03,78.5,77.31,78.42,"18,639,700"
7/21/2020,79.35,79.35,77.71,77.92,"24,372,900"
7/20/2020,75.76,78.51,75.18,78.29,"31,145,040"
7/17/2020,76.08,76.17,74.92,75.78,"29,140,200"
7/16/2020,75,75.93,74.32,75.9,"30,386,900"
7/15/2020,76.16,76.77,74.9,75.68,"32,213,680"
7/14/2020,74.52,76.15,74.18,76.03,"31,700,320"
7/13/2020,77.5,78.86,75.26,75.57,"36,928,480"
7/10/2020,75.31,77.19,74.83,77.09,"37,134,080"
7/9/2020,75.32,76.14,74.4,75.55,"28,466,440"
7/8/2020,74.72,75.29,74.28,74.8,"24,993,160"
7/7/2020,74.5,75.84,74.18,74.26,"29,163,440"
7/6/2020,74,75.33,73.64,74.79,"31,279,940"
7/2/2020,72.35,74.15,72.32,73.24,"37,189,600"
7/1/2020,70.56,72.15,70.49,71.9,"35,503,340"
6/30/2020,69.52,70.93,69.2,70.68,"40,847,620"
6/29/2020,67.91,69.78,67.35,69.75,"36,203,600"
6/26/2020,71.57,71.67,67.6,68,"85,353,960"
6/25/2020,71.5,72.15,71,72.07,"24,609,480"
6/24/2020,73.08,73.77,71.49,71.6,"35,120,440"
6/23/2020,72.78,73.8,72.26,73.22,"28,595,280"
6/22/2020,71.45,72.64,71.16,72.59,"30,848,800"
6/19/2020,72.2,72.39,71.07,71.59,"63,157,500"
6/18/2020,72.46,72.57,71.35,71.8,"31,638,320"
6/17/2020,72.36,73,71.57,72.56,"30,992,300"
6/16/2020,72.26,72.75,71.3,72.14,"34,232,280"
6/15/2020,69.54,71.24,69.4,70.99,"30,121,920"
6/12/2020,71.42,71.85,69.3,70.66,"38,927,340"
6/11/2020,72.12,72.72,70.1,70.19,"39,826,640"
6/10/2020,72.98,73.71,72.81,73.29,"30,503,060"
6/9/2020,72.27,73.4,72.16,72.81,"28,184,980"
6/8/2020,71.12,72.4,71.12,72.33,"28,083,560"
6/5/2020,70.66,72.25,70.3,71.92,"34,704,880"
6/4/2020,71.52,71.95,70.24,70.61,"29,685,440"
6/3/2020,71.92,72.33,71.49,71.82,"25,123,720"
6/2/2020,71.53,71.98,70.94,71.96,"25,562,560"
6/1/2020,70.92,71.9,70.9,71.59,"24,342,800"
5/29/2020,70.85,71.63,70.67,71.45,"36,761,180"
5/28/2020,69.84,72.04,69.8,70.84,"33,879,520"
5/27/2020,70.86,71.09,69.56,70.89,"33,722,840"
5/26/2020,71.86,72.05,70.61,70.85,"41,212,860"
5/22/2020,69.84,70.64,69.59,70.52,"26,188,160"
5/21/2020,70.4,70.77,69.67,70.14,"27,703,880"
5/20/2020,69.48,70.52,69.36,70.34,"33,107,500"
5/19/2020,69.35,69.6,68.67,68.67,"25,612,980"
5/18/2020,68.09,69.62,67.71,69.2,"36,479,280"
5/15/2020,67.5,68.72,66.95,68.66,"34,154,940"
5/14/2020,66.75,67.87,66.2,67.81,"32,061,540"
5/13/2020,68.85,69.27,66.42,67.47,"36,251,700"
5/12/2020,70.36,70.75,68.74,68.79,"27,812,000"
5/11/2020,68.91,70.83,68.86,70.16,"28,242,320"
5/8/2020,69.16,69.94,68.77,69.42,"27,761,360"
5/7/2020,68.3,68.88,67.76,68.63,"27,995,180"
5/6/2020,68.08,68.56,67.36,67.37,"24,308,460"
5/5/2020,66.9,68.7,66.87,67.56,"33,030,660"
5/4/2020,65.41,66.38,64.95,66.34,"30,080,340"
5/1/2020,66.43,67.6,65.55,66.03,"41,452,780"
4/30/2020,66.24,67.64,66.12,67.43,"53,378,120"
4/29/2020,67.07,68,66.27,67.07,"75,872,480"
4/28/2020,64.4,64.4,61.61,61.68,"59,026,180"
4/27/2020,64.8,64.81,63.45,63.79,"32,011,260"
4/24/2020,63.06,64.02,62.47,63.97,"32,807,880"
4/23/2020,63.58,64.67,63.28,63.82,"31,324,060"
4/22/2020,62.28,64.28,62.1,63.16,"41,862,800"
4/21/2020,62.35,62.71,60.49,60.82,"43,060,060"
4/20/2020,63.55,64.08,63.07,63.33,"33,909,760"
4/17/2020,64.24,64.72,63.56,64.16,"38,980,840"
4/16/2020,63.71,63.95,62.13,63.17,"50,361,980"
4/15/2020,62.28,64.02,62.02,63.12,"33,434,060"
4/14/2020,62.25,64.1,61.85,63.46,"49,407,060"
4/13/2020,60.46,61.03,59.38,60.88,"34,796,560"
4/9/2020,61.2,61.28,59.84,60.57,"43,508,420"
4/8/2020,60.33,60.95,59.41,60.51,"39,502,700"
4/7/2020,61.05,61.25,59.11,59.33,"47,746,580"
4/6/2020,56.9,59.73,56.55,59.35,"52,898,000"
4/3/2020,55.95,56.18,53.99,54.89,"46,268,000"
4/2/2020,54.91,56.34,54.82,56.04,"39,297,620"
4/1/2020,56.1,56.48,54.87,55.28,"46,883,460"
3/31/2020,57.37,58.77,56.91,58.14,"49,759,660"
3/30/2020,56.25,57.58,54.82,57.34,"51,481,220"
3/27/2020,56.28,57.53,55.3,55.54,"64,169,900"
3/26/2020,55.59,58.5,54.68,58.09,"71,475,100"
3/25/2020,56.32,57.45,54.3,55.12,"81,630,560"
3/24/2020,55.19,56.75,54.53,56.72,"66,889,000"
3/23/2020,53.07,53.57,50.68,52.83,"80,882,740"
3/20/2020,56.79,57.2,53.27,53.62,"72,035,000"
3/19/2020,54.65,57.9,53.01,55.76,"73,022,120"
3/18/2020,52.83,55.33,51.86,54.84,"84,668,700"
3/17/2020,54.66,56.54,52.8,55.99,"77,229,780"
3/16/2020,54.8,57.61,53.72,54.22,"85,047,300"
3/13/2020,58.95,60.99,55.86,60.99,"74,002,500"
3/12/2020,56.3,59.69,55.67,55.75,"84,534,960"
3/11/2020,62.49,63.05,59.8,60.77,"52,224,580"
3/10/2020,63,64.06,60.94,64.02,"52,227,460"
3/9/2020,60.27,62.74,60,60.78,"67,307,300"
3/6/2020,63.85,65.31,63.05,64.92,"53,212,560"
3/5/2020,67.51,67.95,65.26,65.95,"51,225,760"
3/4/2020,67.96,69.4,67.16,69.33,"38,266,300"
3/3/2020,69.97,70.51,66.6,67.07,"48,046,520"
3/2/2020,67.58,69.54,66.34,69.46,"48,629,360"
2/28/2020,63.88,67.06,63.55,66.97,"75,812,360"
2/27/2020,68.1,68.59,65.86,65.9,"59,566,000"
2/26/2020,69.81,70.79,68.95,69.66,"44,080,740"
2/25/2020,71.65,71.91,69.12,69.42,"49,565,560"
2/24/2020,71.31,71.85,70.57,71.08,"57,341,060"
2/21/2020,75.4,75.61,74.02,74.26,"34,645,460"
2/20/2020,76.1,76.48,75.34,75.91,"21,931,040"
2/19/2020,76.25,76.61,76.07,76.33,"18,985,360"
2/18/2020,75.75,76.58,75.63,75.98,"22,422,800"
2/14/2020,75.78,76.04,75.37,76.04,"23,956,720"
2/13/2020,75.63,76.36,75.23,75.73,"18,594,600"
2/12/2020,75.72,76.03,75.41,75.91,"23,351,300"
2/11/2020,75.59,76.48,75.28,75.44,"26,892,660"
2/10/2020,73.72,75.48,73.72,75.43,"28,397,520"
2/7/2020,73.37,74.29,73.32,73.96,"23,445,400"
2/6/2020,72.52,74.1,72.48,73.81,"33,587,680"
2/5/2020,73.12,73.19,71.53,72.41,"39,723,140"
2/4/2020,72.85,73.48,71.32,72.35,"78,659,080"
2/3/2020,73.1,74.5,72.95,74.3,"61,104,320"
1/31/2020,73.45,73.51,71.43,71.71,"48,344,280"
1/30/2020,72,72.86,71.82,72.79,"26,788,420"
1/29/2020,72.94,73.27,72.34,72.93,"21,573,340"
1/28/2020,72.15,72.8,71.62,72.63,"31,548,440"
1/27/2020,71.55,71.9,71.06,71.7,"35,104,020"
1/24/2020,74.68,74.77,73.26,73.34,"35,692,880"
1/23/2020,74.38,74.78,74.11,74.33,"27,027,080"
1/22/2020,74.55,75.16,74.25,74.3,"32,216,920"
1/21/2020,73.96,74.59,73.56,74.22,"40,735,600"
1/17/2020,73.15,74.06,72.91,74.02,"47,924,300"
1/16/2020,72.37,72.6,72.05,72.59,"23,473,760"
1/15/2020,71.51,72.07,71.51,71.96,"25,653,700"
1/14/2020,71.95,72.09,71.42,71.54,"31,209,060"
1/13/2020,71.81,72.03,71.3,71.96,"33,069,640"
1/10/2020,71.38,71.75,70.92,71.49,"36,431,320"
1/9/2020,71.03,71.37,70.51,70.99,"30,053,280"
1/8/2020,69.6,70.58,69.54,70.22,"30,583,540"
1/7/2020,69.9,70.15,69.52,69.67,"30,233,860"
1/6/2020,67.5,69.83,67.5,69.71,"34,662,980"
1/3/2020,67.39,68.63,67.28,68.03,"23,740,120"
1/2/2020,67.08,68.41,67.08,68.37,"28,134,620"
12/31/2019,66.51,66.9,66.45,66.85,"19,249,360"
12/30/2019,67.5,67.65,66.7,66.81,"21,026,460"
12/27/2019,68.15,68.23,67.47,67.59,"20,774,360"
12/26/2019,67.31,68.07,67.22,68.02,"13,355,080"
12/24/2019,67.43,67.51,67.14,67.18,"6,950,360"
12/23/2019,67.79,67.99,67.33,67.44,"17,664,000"
12/20/2019,68.17,68.18,67.45,67.48,"66,338,100"
12/19/2019,67.59,67.91,67.45,67.8,"29,402,240"
12/18/2019,67.83,68.02,67.55,67.63,"33,141,380"
12/17/2019,68.14,68.25,67.57,67.76,"37,105,180"
12/16/2019,67.83,68.23,67.63,68.06,"27,949,020"
12/13/2019,67.4,67.65,67.19,67.39,"30,988,500"
12/12/2019,67.3,67.79,67.03,67.51,"25,634,440"
12/11/2019,67.54,67.56,67.13,67.25,"17,015,920"
12/10/2019,67.08,67.5,66.8,67.23,"21,893,060"
12/9/2019,66.9,67.97,66.89,67.18,"27,115,900"
12/6/2019,66.67,67.2,66.67,67.03,"26,310,200"
12/5/2019,66.4,66.47,65.82,66.41,"24,256,360"
12/4/2019,65.35,66.29,65.24,66.03,"30,762,200"
12/3/2019,63.98,64.92,63.95,64.76,"25,372,940"
12/2/2019,65.05,65.29,64.05,64.5,"30,237,020"
11/29/2019,65.36,65.51,65.2,65.25,"11,739,620"
11/27/2019,65.75,65.92,65.48,65.65,"19,926,580"
11/26/2019,65.49,65.74,65.25,65.68,"21,395,900"
11/25/2019,64.96,65.57,64.91,65.33,"20,729,740"
11/22/2019,65.28,65.44,64.57,64.77,"27,730,120"
11/21/2019,65.07,65.63,64.65,65.07,"19,909,980"
11/20/2019,65.59,65.75,64.56,65.15,"26,196,700"
11/19/2019,66.39,66.39,65.64,65.77,"25,387,440"
11/18/2019,66.61,66.78,65.88,66.04,"29,761,660"
11/15/2019,65.95,66.74,65.71,66.74,"35,659,100"
11/14/2019,64.88,65.85,64.78,65.57,"23,886,100"
11/13/2019,64.7,65.22,64.68,64.9,"17,077,220"
11/12/2019,65,65.5,64.79,64.94,"21,717,180"
11/11/2019,65.16,65.32,64.87,64.96,"20,248,580"
11/8/2019,65.26,65.9,65.22,65.57,"25,038,320"
11/7/2019,64.71,66.19,64.71,65.44,"40,599,400"
11/6/2019,64.47,64.69,64.13,64.59,"23,059,540"
11/5/2019,64.64,64.95,64.56,64.6,"25,654,220"
11/4/2019,63.82,64.71,63.82,64.57,"30,019,280"
11/1/2019,63.25,63.73,63.03,63.69,"33,401,440"
10/31/2019,63.06,63.38,62.54,63.01,"29,113,020"
10/30/2019,62.65,63.47,62.6,63.06,"28,177,020"
10/29/2019,63.81,64.08,62.86,63.13,"37,727,600"
10/28/2019,63.77,64.97,63.63,64.5,"52,264,740"
10/25/2019,62.55,63.48,62.5,63.26,"24,261,020"
10/24/2019,63.05,63.2,62.69,63.05,"20,797,360"
10/23/2019,62.12,62.99,62.12,62.96,"18,571,900"
10/22/2019,62.39,62.53,62.07,62.14,"20,957,020"
10/21/2019,62.61,62.73,62.03,62.31,"20,760,840"
10/18/2019,62.67,62.94,62.05,62.27,"27,056,780"
10/17/2019,62.55,63.17,62.5,62.65,"19,610,200"
10/16/2019,62.06,62.74,61.92,62.18,"23,363,480"
10/15/2019,61.02,62.37,61.02,62.15,"27,905,180"
10/14/2019,60.62,61.32,60.59,60.86,"17,640,780"
10/11/2019,61.11,61.42,60.69,60.77,"25,542,880"
10/10/2019,59.93,60.75,59.87,60.43,"18,650,620"
10/9/2019,59.97,60.42,59.88,60.12,"17,532,640"
10/8/2019,59.88,60.3,59.45,59.46,"22,835,680"
10/7/2019,60.22,60.91,60.19,60.38,"17,342,980"
10/4/2019,59.59,60.57,59.46,60.45,"23,665,280"
10/3/2019,59,59.45,58.12,59.39,"33,273,120"
10/2/2019,59.85,59.85,58.56,58.83,"32,784,740"
10/1/2019,60.95,61.56,60.18,60.26,"27,165,580"
9/30/2019,61.05,61.3,60.62,60.95,"28,393,520"
9/27/2019,62.15,62.2,60.72,61.25,"27,088,640"
9/26/2019,62.1,62.25,61.61,62.07,"31,237,640"
9/25/2019,60.79,62.42,60.5,62.33,"31,877,500"
9/24/2019,62,62.34,60.53,60.94,"31,835,720"
9/23/2019,61.3,61.95,61.21,61.7,"21,505,060"
9/20/2019,61.66,62.17,61.15,61.5,"46,745,380"
9/19/2019,61.6,62.22,61.6,61.94,"20,003,100"
9/18/2019,61.38,61.78,60.83,61.62,"22,886,660"
9/17/2019,61.52,61.75,61.18,61.46,"19,162,240"
9/16/2019,61.48,61.98,61.28,61.57,"21,065,980"
9/13/2019,61.57,62.04,61.35,61.98,"26,027,000"
9/12/2019,61.22,62.09,61.15,61.71,"34,518,160"
9/11/2019,60.17,61.13,60.11,61.01,"26,140,660"
9/10/2019,59.76,60.5,59.73,60.3,"25,202,300"
9/9/2019,60.2,61,59.63,60.22,"29,437,600"
9/6/2019,60.41,60.6,60.13,60.25,"21,442,860"
9/5/2019,59.58,60.65,59.58,60.57,"28,172,020"
9/4/2019,58.84,59.17,58.55,59.07,"21,379,360"
9/3/2019,58.85,59.34,58.16,58.42,"29,608,400"
8/30/2019,59.93,59.93,59.19,59.41,"22,599,180"
8/29/2019,59.06,59.8,59.06,59.64,"21,777,160"
8/28/2019,58.09,58.82,57.87,58.55,"16,044,860"
8/27/2019,59.03,59.12,58.07,58.39,"21,549,040"
8/26/2019,57.86,58.47,57.65,58.44,"24,528,820"
8/23/2019,59.1,59.7,57.39,57.56,"33,765,420"
8/22/2019,59.7,59.9,58.93,59.48,"18,958,120"
8/21/2019,59.66,59.95,59.37,59.56,"14,821,060"
8/20/2019,59.76,59.8,59.11,59.13,"18,312,100"
8/19/2019,59.5,60.35,59.5,59.92,"24,650,340"
8/16/2019,58.98,59.14,58.59,58.88,"26,988,720"
8/15/2019,58.18,58.79,58.11,58.36,"24,494,780"
8/14/2019,58.82,59.12,58.03,58.21,"31,573,360"
8/13/2019,58.57,60.24,58.57,59.86,"26,360,180"
8/12/2019,58.96,59.25,58.38,58.74,"20,063,740"
8/9/2019,59.9,60.19,59.18,59.4,"21,313,160"
8/8/2019,59.14,60.25,58.65,60.24,"29,359,940"
8/7/2019,57.8,58.92,57.48,58.7,"28,886,480"
8/6/2019,58.17,59,58,58.5,"34,187,480"
8/5/2019,58.5,58.76,57.01,57.62,"51,949,100"
8/2/2019,60.04,60.35,59.45,59.7,"32,901,340"
8/1/2019,60.7,61.71,60.29,60.45,"33,970,200"
7/31/2019,61.15,61.7,60.39,60.83,"34,509,080"
7/30/2019,61.27,61.74,61.17,61.26,"29,065,260"
7/29/2019,62.05,62.37,61.41,61.97,"44,474,620"
7/26/2019,61.2,63.28,61.2,62.52,"96,115,040"
7/25/2019,56.89,57.09,56.05,56.61,"44,196,460"
7/24/2019,56.6,57.2,56.35,56.89,"31,802,020"
7/23/2019,57.2,57.35,56.59,57.31,"21,873,760"
7/22/2019,56.67,56.96,56.21,56.9,"26,036,920"
7/19/2019,57.41,57.56,56.48,56.51,"32,944,900"
7/18/2019,57.09,57.38,56.64,57.32,"25,825,620"
7/17/2019,57.55,57.92,57.29,57.32,"23,400,940"
7/16/2019,57.3,57.93,57.25,57.68,"24,776,140"
7/15/2019,57.34,57.54,56.97,57.52,"18,075,600"
7/12/2019,57.2,57.37,56.94,57.25,"17,279,460"
7/11/2019,57.16,57.65,56.98,57.21,"23,911,380"
7/10/2019,56.56,57.1,56.55,57.02,"24,189,320"
7/9/2019,55.59,56.4,55.36,56.24,"26,607,400"
7/8/2019,56.26,56.3,55.56,55.82,"24,728,380"
7/5/2019,55.89,56.64,55.81,56.58,"25,290,800"
7/3/2019,55.87,56.34,55.69,56.08,"15,340,220"
7/2/2019,55.11,55.59,54.91,55.56,"19,835,100"
7/1/2019,54.9,55.38,54.69,54.9,"28,770,080"
6/28/2019,53.82,54.05,53.67,54.05,"33,869,000"
6/27/2019,54.2,54.36,53.76,53.8,"20,089,540"
6/26/2019,54.33,54.65,53.61,53.99,"36,217,380"
6/25/2019,55.63,55.72,54.19,54.32,"30,938,260"
6/24/2019,55.98,56.1,55.55,55.78,"27,913,920"
6/21/2019,55.46,56.21,55.4,56.09,"38,951,820"
6/20/2019,56,56.01,55.24,55.57,"25,240,220"
6/19/2019,55.28,55.35,54.67,55.12,"26,784,360"
6/18/2019,55.48,55.82,54.95,55.18,"27,733,680"
6/17/2019,54.31,54.96,54.31,54.63,"18,832,040"
6/14/2019,54.32,54.63,54.01,54.27,"22,232,860"
6/13/2019,54.18,54.71,54.01,54.44,"21,160,000"
6/12/2019,53.9,54.05,53.38,53.85,"21,225,100"
6/11/2019,54.7,55.1,53.88,53.94,"28,741,260"
6/10/2019,53.65,54.63,53.62,54.02,"29,284,960"
6/7/2019,52.53,53.55,52.42,53.3,"36,047,400"
6/6/2019,52.25,52.37,51.69,52.22,"34,064,880"
6/5/2019,52.58,52.68,51.52,52.11,"43,368,780"
6/4/2019,52.15,52.8,51.68,52.65,"56,669,660"
6/3/2019,53.28,53.28,51.25,51.81,"102,611,520"
5/31/2019,55.06,55.48,55.01,55.18,"30,164,060"
5/30/2019,55.78,56.16,55.61,55.9,"19,037,460"
5/29/2019,56.38,56.46,55.41,55.82,"30,764,240"
5/28/2019,56.7,57.58,56.66,56.71,"27,303,320"
5/24/2019,57.37,57.49,56.58,56.67,"22,246,820"
5/23/2019,57.03,57.3,56.46,57.04,"23,986,000"
5/22/2019,57.34,57.93,57.29,57.57,"18,296,780"
5/21/2019,57.42,57.64,56.9,57.48,"23,203,160"
5/20/2019,57.23,57.34,56.57,56.94,"27,065,840"
5/17/2019,58.42,59.01,58,58.12,"24,172,460"
5/16/2019,58.23,59.41,58.14,58.95,"30,628,080"
5/15/2019,55.89,58.57,55.83,58.21,"45,786,040"
5/14/2019,56.86,57.02,55.98,56.02,"36,732,080"
5/13/2019,57.1,57.4,56.11,56.6,"37,212,960"
5/10/2019,58.18,58.63,57.13,58.21,"26,290,920"
5/9/2019,57.95,58.48,57.54,58.12,"23,719,460"
5/8/2019,58.6,59.02,58.29,58.31,"26,190,280"
5/7/2019,59.02,59.52,58.05,58.71,"31,027,360"
5/6/2019,58.31,59.54,58.31,59.47,"31,278,860"
5/3/2019,58.68,59.34,58.45,59.27,"39,613,060"
5/2/2019,58.39,58.71,57.75,58.13,"38,896,340"
5/1/2019,59.4,59.4,58.36,58.4,"52,859,660"
4/30/2019,59.25,59.64,58.75,59.42,"124,140,540"
4/29/2019,63.7,64.46,63.31,64.38,"49,988,640"
4/26/2019,63.45,63.65,63.02,63.61,"24,828,560"
4/25/2019,63.24,63.37,62.6,63.17,"22,145,900"
4/24/2019,63.21,63.4,62.75,62.8,"20,375,060"
